annee,canton,Total,Soins hopitaux,Soins domicile,Administration Prevention,besoin_par_habitant
1996,Appenzell Rh.-Ext.,38.84522484,37.08520274,0.1760605,1.5839616,751.6834148606235
1996,Appenzell Rh.-Int.,4.7945711,4.1557559500000005,0.36379035,0.2750248,456.2585631148676
1996,Argovie,225.31130893,206.73188340000002,1.21968385,17.35974168,543.8638837877699
1996,Berne,441.68315456,412.67175506,0.0,29.0113995,680.5775706402486
1996,Bâle-Campagne,155.88163845,149.64461941,0.284,5.95301904,679.2464868099319
1996,Bâle-Ville,377.64524519,332.58111737,3.2144002400000002,41.84972758,1928.7723631160156
1996,Espace Mittelland,806.6901327499999,740.1451513899999,10.331535449999999,56.21344591,677.5963710495726
1996,Fribourg,89.186279,76.225057,4.954393,8.006829,727.559824632721
1996,Genève,769.99683598,656.0898595799999,60.2899,53.6170764,1946.4219338236037
1996,Glaris,29.5612085,27.86742305,0.1304071,1.56337835,761.1963270901125
1996,Grisons,91.74550529999999,81.41255045,5.4627444,4.87021045,639.070444887048
1996,Jura,32.024324,27.874642,1.891283,2.258399,827.2645934875192
1996,Lucerne,137.87498699,127.45702375,0.77603,9.641933239999998,495.84395828871664
1996,Neuchâtel,90.72194609,76.40799994999999,3.48505945,10.82888669,553.8873289819905
1996,Nidwald,27.46608939,27.043577640000002,0.110978,0.31153374999999994,813.5152977286679
1996,Obwald,29.43451883,28.368477950000003,0.0021492,1.06389168,1046.6283289310377
1996,Région lémanique,1434.96337849,1254.2341955499999,81.58528937,99.14389357,1138.6274385066736
1996,Saint-Gall,226.21911306,204.92603535,4.082415950000001,17.21066176,548.1464616651068
1996,Schaffhouse,63.179151770000004,56.84342108,1.1461128500000002,5.1896178399999995,898.200306297243
1996,Schwytz,20.150611050000002,17.8035298,0.8862040999999999,1.4608771500000002,306.37618805704824
1996,Soleure,153.0744291,146.96569738,0.0008,6.10793172,661.4997818323567
1996,Suisse centrale,295.59312381,268.14375822,4.2457771,23.203588489999998,556.4115981652712
1996,Suisse du Nord-Ouest,758.83819257,688.95762018,4.71808409,65.1624883,859.8337584112631
1996,Suisse orientale,544.69809236,495.99212341000003,11.361531150000001,37.3444378,583.9531074743617
1996,Tessin,210.53984355,181.56000494,7.37705275,21.60278586,705.7744268778637
1996,Thurgovie,90.35331779,83.70173479,0.0,6.651583,442.25181181328486
1996,Total,4648.4325975,4180.969061950001,133.66676191,333.7967736399999,766.5037152474316
1996,Uri,22.048788350000002,20.807115149999998,0.150625,1.0910482,645.369709590917
1996,Valais,167.550184,150.151738,0.488672,16.909774,763.218403457122
1996,Vaud,497.41635851,447.99259796999996,20.80671737,28.61704317,783.9837271604177
1996,Zoug,58.618129200000006,46.66403393,2.3197908,9.63430447,809.1983022510108
1996,Zurich,597.1098339700001,551.93620826,14.047492,31.12613371,703.3362874388895
1997,Appenzell Rh.-Ext.,30.92502724,29.07738384,0.16649155,1.68115185,606.531995044063
1997,Appenzell Rh.-Int.,4.105220999999999,3.288954,0.537282,0.278985,370.10797537525065
1997,Argovie,233.55871625999998,213.9544642,0.7912216,18.81303046,538.5973432956138
1997,Berne,470.95253863999994,439.2734616899999,0.0,31.679076950000002,719.1946203378527
1997,Bâle-Campagne,171.79588190999996,164.95030933999996,0.284,6.56157257,737.9630093193765
1997,Bâle-Ville,346.82959752,312.27768942,2.88807111,31.663836990000004,1800.202279052046
1997,Espace Mittelland,845.7171601499998,777.5305030099998,8.3276599,59.85899724000001,724.550548516052
1997,Fribourg,102.800625,90.933582,3.697031,8.170012,705.2269853851549
1997,Genève,748.25733245,632.93595186,63.46488335,51.85649724,1880.6266192568416
1997,Glaris,37.98166351,36.236558609999996,0.12415430000000001,1.6209506,992.8453213961335
1997,Grisons,120.23471708999999,109.26398123999999,5.74591475,5.2248211,788.3468300839808
1997,Jura,34.576791,30.563695,1.311207,2.701889,852.7526920736685
1997,Lucerne,145.61338779000002,135.62460759,0.477709,9.5110712,471.33894438600765
1997,Neuchâtel,102.91495029999999,88.25075177999999,3.3186219,11.345576620000001,919.0307744292458
1997,Nidwald,22.331623720000003,21.774063920000003,0.04032875,0.51723105,661.5160675836494
1997,Obwald,20.456533749999995,19.354266149999997,0.0020723499999999997,1.10019525,797.6926893819333
1997,Région lémanique,1395.7661231900001,1199.4638442700002,94.07109405,102.23118487,1093.7755216754504
1997,Saint-Gall,215.65942862,195.40727622,2.1575577999999997,18.0945946,509.84425020301364
1997,Schaffhouse,64.50203419,58.39018834,1.2406075,4.87123835,924.6996009162428
1997,Schwytz,28.531127750000003,26.6434418,0.37437645,1.5133095,413.1367313437657
1997,Soleure,134.47225521,128.50901254,0.0008,5.96244267,593.530363990357
1997,Suisse centrale,302.91598826000006,277.57126807000003,2.90770115,22.437019040000003,551.9712395001767
1997,Suisse du Nord-Ouest,752.1841956899999,691.18246296,3.9632927099999997,57.03844002,843.2760685269789
1997,Suisse orientale,558.26230575,509.45640796,9.9760079,38.82988989,585.4022158659318
1997,Tessin,209.34558840999998,179.03746908999997,7.5514583,22.75666102,877.7898676358757
1997,Thurgovie,84.8542141,77.79206570999999,0.004,7.05814839,393.2779126511379
1997,Total,4568.796413149999,4092.9201049299995,138.86823601,337.00807221,761.9810652611638
1997,Uri,25.14380765,23.6013743,0.314503,1.22793035,740.4105961119394
1997,Valais,167.021097,150.088489,0.545067,16.387541,729.639230692147
1997,Vaud,480.48769374,416.43940341,30.0611437,33.987146630000005,744.9673963050392
1997,Zoug,60.8395076,50.57351430999999,1.6987116,8.567281690000002,831.8136340921121
1997,Zurich,504.60505170000005,458.6781495700001,12.071022,33.855880129999996,630.7834917177825
1998,Appenzell Rh.-Ext.,35.41,33.48,0.18,1.75,682.4809331538806
1998,Appenzell Rh.-Int.,4.33,3.5,0.55,0.28,392.7659280734452
1998,Argovie,224.21,205.42,0.85,17.94,525.6396310563805
1998,Berne,458.03,429.09,0.0,28.94,703.5801255899232
1998,Bâle-Campagne,182.57,173.13,0.28,9.16,778.7752143788429
1998,Bâle-Ville,342.08,291.94,17.16,32.98,1793.0252135348228
1998,Espace Mittelland,831.38,763.5,7.25,60.63,720.1215737857127
1998,Fribourg,97.01,85.55,2.25,9.21,667.4479602656397
1998,Genève,749.25,627.11,65.77,56.37,1870.6364836766736
1998,Glaris,38.92,37.32,0.13,1.47,1021.1331992372196
1998,Grisons,134.2,122.87,4.86,6.47,872.8268762547522
1998,Jura,38.83,33.41,1.9,3.52,940.47795754787
1998,Lucerne,146.04,136.37,0.48,9.19,483.74213293618857
1998,Neuchâtel,101.36,84.99,3.1,13.27,984.4175564607486
1998,Nidwald,16.38,15.92,0.03,0.43,504.7388141944016
1998,Obwald,18.42,17.46,0.0,0.96,622.4040276903714
1998,Région lémanique,1428.5,1224.04,100.95,103.51,1131.7389994135708
1998,Saint-Gall,230.27,203.62,2.54,24.11,536.7048337456459
1998,Schaffhouse,64.1,58.24,1.19,4.67,924.7197301762867
1998,Schwytz,36.84,35.24,0.35,1.25,511.89629404665817
1998,Soleure,136.15,130.46,0.0,5.69,592.2829528550415
1998,Suisse centrale,295.44,271.55,2.29,21.6,538.0438784603616
1998,Suisse du Nord-Ouest,748.86,670.49,18.29,60.08,842.5511285921903
1998,Suisse orientale,600.8,546.1,9.49,45.21,630.8836868209276
1998,Tessin,170.17,145.06,6.72,18.39,820.9927066316303
1998,Thurgovie,93.57,87.07,0.04,6.46,456.85526566452677
1998,Total,4554.74,4056.33,157.04,341.37,766.9063227016464
1998,Uri,21.81,20.34,0.33,1.14,643.2933855727125
1998,Valais,179.48,161.33,0.74,17.41,787.8023429148466
1998,Vaud,499.77,435.6,34.44,29.73,804.203306054432
1998,Zoug,55.95,46.22,1.1,8.63,504.7388141944016
1998,Zurich,479.59,435.59,12.05,31.95,608.0500572768202
1999,Appenzell Rh.-Ext.,27.4981,25.687438,0.17035,1.640312,543.0438284322908
1999,Appenzell Rh.-Int.,5.36903,4.59013,0.485685,0.293215,371.3318181818181
1999,Argovie,236.951794,217.829007,0.696582,18.426205,516.0211235854575
1999,Berne,559.483255,525.596303,0.0,33.886952,812.7066545938862
1999,Bâle-Campagne,185.956499,174.066142,0.1329,11.757457,767.6894064230777
1999,Bâle-Ville,338.475025,289.85338,17.145106,31.476539,1791.4463079746502
1999,Espace Mittelland,961.51551,891.1778700000001,8.307212,62.030428,822.8464847867863
1999,Fribourg,115.944676,103.653444,1.939822,10.35141,820.4159582566095
1999,Genève,761.084111,640.974429,66.354156,53.755526,1883.918060780043
1999,Glaris,37.661824,36.142845,0.077216,1.441763,989.3140843231952
1999,Grisons,123.657598,113.412684,3.144295,7.100619,776.7056703559167
1999,Jura,30.596795,25.315699,2.550813,2.730283,808.4869279588592
1999,Lucerne,146.476305,136.823195,0.472374,9.180736,479.99564077160665
1999,Neuchâtel,103.932512,89.297725,3.816577,10.81821,1118.6189673441866
1999,Nidwald,17.920586999999998,17.199454,0.040573,0.68056,523.4321322060795
1999,Obwald,18.978620999999997,17.861817,0.0,1.116804,641.5607160741112
1999,Région lémanique,1506.302415,1307.3976659999998,90.917579,107.98717,1177.2548851963468
1999,Saint-Gall,253.162668,216.480669,2.457127,34.224872,607.7389394724505
1999,Schaffhouse,63.435216999999994,57.510036,1.204311,4.72087,928.0759488477055
1999,Schwytz,32.911373,31.14463,0.319184,1.447559,509.4267366592991
1999,Soleure,151.558272,147.314699,0.0,4.243573,665.8302398788816
1999,Suisse centrale,302.75783,279.447274,1.801685,21.508871,560.9001671716644
1999,Suisse du Nord-Ouest,761.383318,681.748529,17.974587999999997,61.660201,830.4925866716503
1999,Suisse orientale,589.9025760000001,525.64646,7.580583999999999,56.675532,620.5079802331915
1999,Tessin,167.404295,141.794283,5.92584,19.684172,834.3601745678588
1999,Thurgovie,79.11813900000001,71.822658,0.0416,7.253881,388.98714582625456
1999,Total,4821.842220999999,4301.249263,145.684575,374.90838299999996,800.4109963277574
1999,Uri,22.140533,20.855523,0.386566,0.898444,655.4647569444444
1999,Valais,179.318735,164.72296,3.06,11.535775,822.9709700711747
1999,Vaud,565.899569,501.700277,21.503423,42.695869,873.7181317237047
1999,Zoug,64.330411,55.562655,0.582988,8.184768,868.0590320353635
1999,Zurich,532.5762769999999,474.037181,13.177087,45.362009,619.0016047555663
2000,Appenzell Rh.-Ext.,24.823507000000003,22.703379,0.244938,1.87519,498.7672992645815
2000,Appenzell Rh.-Int.,5.139369,4.167205,0.576666,0.395498,350.3995771670191
2000,Argovie,245.082659,226.06231,0.806338,18.214011,536.005674953048
2000,Berne,589.899094,553.841287,0.0,36.057807000000004,854.2871716973016
2000,Bâle-Campagne,189.46522,183.911744,0.13052,5.422956000000001,824.2511322957198
2000,Bâle-Ville,262.240737,214.27118800000002,17.16302,30.806529000000005,1410.6923036566811
2000,Espace Mittelland,1013.600302,938.658001,8.961310000000001,65.980991,865.8694426139618
2000,Fribourg,119.375364,107.193681,2.128568,10.053115,815.1702792513937
2000,Genève,797.417537,671.333301,70.00954,56.074695999999996,1949.4473435880386
2000,Glaris,34.83868,33.316281,0.143899,1.3784999999999998,921.6998194048209
2000,Grisons,127.47942099999999,117.17074,3.765796,6.542885,736.9986283745707
2000,Jura,34.804173,27.819257999999998,2.73022,4.254695,969.832871776547
2000,Lucerne,167.617046,155.704084,0.0,11.912962,557.3602425598646
2000,Neuchâtel,101.62124399999999,87.148671,4.102522,10.370051,1107.5468535510443
2000,Nidwald,20.16478,19.174993999999998,0.045683,0.9441030000000001,586.5647562993302
2000,Obwald,22.974705000000004,21.909480000000002,0.0,1.065225,758.5629021728995
2000,Région lémanique,1573.6367410000003,1335.515261,111.612619,126.508861,1241.945366403246
2000,Saint-Gall,253.991135,229.083607,2.527815,22.379713000000002,616.6942278910805
2000,Schaffhouse,61.453415,56.103950999999995,1.155039,4.194425,895.3376159885796
2000,Schwytz,48.830941,46.947558,0.321412,1.5619709999999998,582.6162519076836
2000,Soleure,167.900427,162.655104,0.0,5.245323,766.4009281853728
2000,Suisse centrale,333.59455999999994,306.98871799999995,0.934649,25.671193,586.85018975599
2000,Suisse du Nord-Ouest,696.788616,624.2452420000001,18.099878,54.443496,779.7199427157396
2000,Suisse orientale,586.526932,533.7351699999999,8.439153000000001,44.35260900000001,607.1345487777719
2000,Tessin,204.34987600000002,169.393513,13.475874,21.480489,853.6495800199051
2000,Thurgovie,78.801405,71.190007,0.025,7.586398,377.2462265522117
2000,Total,4974.645803000001,4419.614362,172.09464899999998,382.9367920000001,822.4599052134804
2000,Uri,21.076898999999997,19.771621,0.328411,0.9768669999999999,626.1069549800911
2000,Valais,186.55240799999999,170.000241,2.704,13.848167,851.5936064346625
2000,Vaud,589.6667960000001,494.18171900000004,38.899079,56.585998000000004,950.7413019231473
2000,Zoug,52.930189,43.480981,0.239143,9.210065,625.9784933134309
2000,Zurich,566.1487759999999,511.07845699999996,10.571166,44.499153,654.1383092921839
2001,Appenzell Rh.-Ext.,30.804738,28.525653,0.247948,2.031137,613.8564925866466
2001,Appenzell Rh.-Int.,6.990925,5.726983,0.668475,0.595467,475.2946094759024
2001,Argovie,268.720658,249.764573,0.791586,18.164499,546.6445565494447
2001,Berne,704.2129779999999,664.2974979999999,0.0,39.91548,1013.6444996905517
2001,Bâle-Campagne,189.70872400000002,185.470243,0.460411,3.7780699999999996,830.7903020698452
2001,Bâle-Ville,378.1025390000001,323.22989900000005,18.283445,36.589195000000004,2028.496136589574
2001,Espace Mittelland,1140.867151,1062.3715379999999,8.823336,69.67227700000001,970.8418713978872
2001,Fribourg,129.08502,115.548939,2.154969,11.381112,887.3575448337959
2001,Genève,933.7909430000001,788.090729,84.834184,60.86603000000001,2247.9598151646796
2001,Glaris,37.616495,35.902988,0.134698,1.5788090000000001,1001.3840427211028
2001,Grisons,128.727595,117.533805,4.291578,6.9022120000000005,849.0612719710612
2001,Jura,38.032544,32.439747,2.217893,3.374904,1023.154130702836
2001,Lucerne,195.602191,185.602721,0.0,9.99947,665.0223036152885
2001,Neuchâtel,112.852517,97.69156100000001,4.450474,10.710482,1200.5385436724312
2001,Nidwald,30.663891,29.224035,0.063981,1.375875,889.1298173357226
2001,Obwald,23.880948,22.211079,0.0,1.669869,780.3675510957892
2001,Région lémanique,1767.9268780000002,1517.0645940000002,133.17233099999999,117.68995300000002,1365.4927663685498
2001,Saint-Gall,281.14223899999996,256.12330299999996,2.735634,22.283302,691.2149771470769
2001,Schaffhouse,77.263917,73.70694800000001,1.330759,2.22621,1119.1774848984076
2001,Schwytz,45.450577,42.392488,0.283853,2.774236,594.6140819553837
2001,Soleure,156.68409200000002,152.39379300000002,0.0,4.290299,724.0551785478984
2001,Suisse centrale,382.61610699999994,354.37871299999995,0.976294,27.2611,682.1144034269987
2001,Suisse du Nord-Ouest,836.5319210000001,758.4647150000001,19.535442,58.531764,900.4232173955716
2001,Suisse orientale,643.9817409999999,591.381732,9.616105000000001,42.983903999999995,685.6357473496163
2001,Tessin,233.125279,187.532919,17.033048,28.559312,977.684120602356
2001,Thurgovie,81.435832,73.862052,0.207013,7.366766999999999,392.85034584589425
2001,Total,5891.117173999999,5297.095668,200.174036,393.8474700000001,970.8229179105825
2001,Uri,22.286547,20.567147,0.399759,1.319641,667.0657786885246
2001,Valais,190.300036,173.298381,2.9,14.101655000000001,884.6818592518107
2001,Vaud,643.835899,555.6754840000001,45.438147,42.722268,1001.8296415823187
2001,Zoug,64.731953,54.381243,0.228701,10.122009,758.7024171746092
2001,Zurich,886.0680970000001,825.901457,11.01748,49.149159999999995,992.1644205809332
2002,Appenzell Rh.-Ext.,35.341369,32.852777,0.312104,2.176488,698.1642788197664
2002,Appenzell Rh.-Int.,6.540602000000001,5.431663,0.664711,0.444228,444.51077132178057
2002,Argovie,261.561066,243.244392,0.700564,17.61611,540.3964849637972
2002,Berne,970.975391,932.861904,0.0,38.113487000000006,1103.2392223955098
2002,Bâle-Campagne,216.639218,208.504808,0.658016,7.476394000000001,951.524254274979
2002,Bâle-Ville,345.692505,289.83631299999996,18.711792,37.1444,1857.720842892611
2002,Espace Mittelland,1448.7293349999998,1370.036022,10.444899,68.24841400000001,1072.3914880907403
2002,Fribourg,134.259816,121.875788,2.061133,10.322895,960.2203453099298
2002,Genève,1041.810861,891.794707,87.657869,62.358285,2465.215777037175
2002,Glaris,35.176945,33.301974,0.142905,1.732066,927.8511129777404
2002,Grisons,147.00717,135.049822,4.803645,7.153703,927.690030626254
2002,Jura,37.404695000000004,32.003768,2.645476,2.755451,1104.9084102746212
2002,Lucerne,234.008488,222.835621,0.0,11.172867,768.9375857143671
2002,Neuchâtel,119.822663,101.140942,5.73829,12.943431,1365.4083082093023
2002,Nidwald,29.987564999999996,28.497756,0.069096,1.4207130000000001,824.5011343850576
2002,Obwald,22.45459,20.442168,0.0,2.012422,783.77895153434
2002,Région lémanique,1936.997948,1675.277647,138.859456,122.86084500000001,1485.719640154211
2002,Saint-Gall,328.520009,303.025604,3.317314,22.177090999999997,757.0104184281438
2002,Schaffhouse,85.333513,81.151434,1.409035,2.7730439999999996,1220.3287239961458
2002,Schwytz,64.173347,61.011037,0.275967,2.8863429999999997,721.9276267478216
2002,Soleure,186.26677,182.15362000000002,0.0,4.11315,846.2165559258276
2002,Suisse centrale,451.3735710000001,421.224958,0.941549,29.207064000000003,778.3310098573901
2002,Suisse du Nord-Ouest,823.892789,741.585513,20.070372,62.236903999999996,897.6723738738066
2002,Suisse orientale,737.1260050000001,681.898488,10.844714,44.382802999999996,758.882139946896
2002,Tessin,278.643636,227.20563199999998,19.4738,31.964204000000002,1159.7911151335672
2002,Thurgovie,99.206397,91.08521400000001,0.195,7.926183,482.7851178140401
2002,Total,6649.935256,6027.53972,212.815908,409.579628,1064.9806358936112
2002,Uri,27.713808000000004,25.757084000000003,0.380638,1.576086,825.0557375131597
2002,Valais,225.654204,208.45209,4.535,12.667114000000002,1027.564935368127
2002,Vaud,669.5328830000001,575.03085,46.666587,47.835446000000005,1035.426070456824
2002,Zoug,73.035773,62.681292,0.215848,10.138633,847.2181876952915
2002,Zurich,973.1719720000001,910.3114600000001,12.181118,50.679394,1133.4871383696504
2003,Appenzell Rh.-Ext.,34.821026,32.379109,0.246758,2.1951590000000003,688.189446120567
2003,Appenzell Rh.-Int.,5.837836,4.52872,0.885822,0.423294,397.95959389479424
2003,Argovie,301.436348,281.818949,0.306257,19.311142,598.5343782710218
2003,Berne,1084.4359869999998,1042.263442,0.0,42.172545,1193.7808273335515
2003,Bâle-Campagne,204.27186600000002,196.489892,0.696019,7.085954999999999,925.083940314857
2003,Bâle-Ville,348.27872299999996,293.25498,18.453315,36.570428,1865.65398651412
2003,Espace Mittelland,1614.7194599999998,1528.3996599999998,11.389037,74.930763,1135.453546266631
2003,Fribourg,141.042437,127.429663,2.506374,11.1064,947.2041800966558
2003,Genève,1074.124256,915.7897800000001,91.850861,66.483615,2511.515996204845
2003,Glaris,32.879594999999995,31.011785999999997,0.124067,1.7437420000000001,857.7339550191988
2003,Grisons,166.04220399999997,153.320777,5.219801,7.501626,960.6047720663612
2003,Jura,44.640423999999996,38.337928999999995,2.785347,3.517148,1180.6486247717767
2003,Lucerne,239.40221000000003,225.75156900000002,0.0583,13.592341000000001,781.0609824557425
2003,Neuchâtel,136.714102,117.55772499999999,6.097316,13.059061,1409.2935405034161
2003,Nidwald,27.245789,26.047978,0.076772,1.121039,738.4400156311059
2003,Obwald,24.881009,22.623213,0.0,2.257796,875.8248069059518
2003,Région lémanique,2149.861522,1856.1707350000001,149.80992099999997,143.88086600000003,1609.080174702029
2003,Saint-Gall,374.255363,350.801178,2.947571,20.506614,833.6482040014937
2003,Schaffhouse,73.954293,69.735905,1.400484,2.817904,1064.0417256488035
2003,Schwytz,62.874392,60.608041,0.352525,1.9138259999999998,707.4300012716841
2003,Soleure,207.88651,202.810901,0.0,5.075609,898.3310660919188
2003,Suisse centrale,447.51423400000004,416.4274180000001,1.1248259999999999,29.96199,766.4567268232031
2003,Suisse du Nord-Ouest,853.9869369999999,771.563821,19.455591,62.967524999999995,922.0024937877525
2003,Suisse orientale,789.281062,734.384313,11.019503000000002,43.877246,782.6330803086843
2003,Tessin,261.77432799999997,213.418414,18.82436,29.531554,1166.6106293105354
2003,Thurgovie,101.490745,92.60683800000001,0.195,8.688907,477.9940249113242
2003,Total,7075.837069000001,6418.021812999999,224.43692700000003,433.37832899999995,1106.974211926427
2003,Uri,24.374543,22.503638,0.415957,1.4549480000000001,717.8843408175015
2003,Valais,241.456229,220.925891,7.340228,13.19011,1055.1915088684366
2003,Vaud,834.2810370000001,719.4550640000001,50.618832,64.20714100000001,1255.8366110225343
2003,Zoug,68.736291,58.892979,0.221272,9.622039999999998,784.7954845088991
2003,Zurich,958.699526,897.657452,12.813689,48.228385,1121.3305612618615
2004,Appenzell Rh.-Ext.,48.873785,46.807283,0.261278,1.805224,964.0162352493337
2004,Appenzell Rh.-Int.,8.019074,6.563016,1.08718,0.368878,547.1200681431004
2004,Argovie,318.3885379999999,302.72342499999996,0.149279,15.515834000000002,623.0763774244052
2004,Berne,1013.763357,970.444463,0.0,43.318894,1121.834171998665
2004,Bâle-Campagne,204.285005,196.90072,0.31278,7.071505,906.704504825246
2004,Bâle-Ville,308.88410500000003,255.04827,18.536735,35.2991,1663.2373054444142
2004,Espace Mittelland,1542.078332,1454.31235,12.556832,75.20915000000001,1106.2074293549836
2004,Fribourg,134.289299,121.165767,2.847979,10.275553,954.2533271414565
2004,Genève,1046.278869,889.826273,87.43016,69.022436,2421.1076590280745
2004,Glaris,30.568917999999996,28.751716,0.114672,1.70253,828.7112063334464
2004,Grisons,158.109221,147.25175399999998,4.164749,6.692718,927.6632571052824
2004,Jura,47.02013,40.425491,2.63453,3.960109,1186.7456438808124
2004,Lucerne,250.173494,233.224899,0.0583,16.890295,797.6304794414101
2004,Neuchâtel,145.423924,125.024161,7.074323,13.32544,1545.429059261543
2004,Nidwald,30.982082,29.227881,0.051053,1.703148,827.06145943574
2004,Obwald,21.389794000000002,19.907488,0.0,1.482306,760.3178819969743
2004,Région lémanique,2158.453052,1875.6319290000001,154.359703,128.46142,1628.7531757452973
2004,Saint-Gall,300.25895,278.836147,3.297633,18.12517,676.8949229064581
2004,Schaffhouse,75.301764,70.701843,1.430952,3.1689689999999997,1076.1662778938853
2004,Schwytz,105.76950999999998,102.97157499999999,0.381856,2.416079,810.9992010356943
2004,Soleure,201.58162199999998,197.252468,0.0,4.329154,877.483958251232
2004,Suisse centrale,525.607004,489.307099,1.057865,35.242039999999996,828.3000833925936
2004,Suisse du Nord-Ouest,831.557648,754.672415,18.998794,57.886439,891.6610089265548
2004,Suisse orientale,726.7951680000001,676.549704,10.551464,39.694,725.3743377450755
2004,Tessin,285.651182,251.547147,7.035706,27.068329,1209.5787272146629
2004,Thurgovie,105.663456,97.637945,0.195,7.830511,483.3266710452322
2004,Total,6950.252691,6337.044624,215.866619,397.341448,1081.8557561249415
2004,Uri,25.647052000000002,23.451917,0.426656,1.768479,754.3823385588954
2004,Valais,274.87247,259.632579,0.819824,14.420067,1093.533821440661
2004,Vaud,837.3017130000001,726.173077,66.109719,45.018917,1340.6432903466612
2004,Zoug,91.645072,80.52333899999999,0.14,10.981733,1000.796178830722
2004,Zurich,880.1103049999999,835.0239799999999,11.306255,33.780069999999995,1016.4451139640503
2005,Appenzell Rh.-Ext.,47.132279,45.076143,0.1913,1.864836,953.5390383514597
2005,Appenzell Rh.-Int.,8.418993,7.563962999999999,0.592957,0.262073,561.9566958030293
2005,Argovie,306.427674,289.834871,0.160555,16.432248,590.1462163362881
2005,Berne,987.9265480000001,946.8143600000001,0.0,41.112188,1085.6208298180786
2005,Bâle-Campagne,216.153141,209.143997,0.603526,6.405618,952.3187626575583
2005,Bâle-Ville,344.09060200000005,283.67721500000005,17.699598,42.713789,1853.4575513288828
2005,Espace Mittelland,1704.2123480000002,1609.269922,16.918177,78.024249,1118.5494642798426
2005,Fribourg,156.944921,141.969696,2.964098,12.011127,1025.7182672961144
2005,Genève,1092.602384,924.732407,88.017381,79.852596,2501.8315675225144
2005,Glaris,27.557121,25.894329,0.105897,1.556895,724.8825922620609
2005,Grisons,171.453821,161.40072700000002,3.674399,6.3786950000000004,1044.1882883683486
2005,Jura,83.959364,75.49936,3.122629,5.337375,1247.7803911749975
2005,Lucerne,237.539881,217.645692,0.0583,19.835889,720.3594553723515
2005,Neuchâtel,254.45141299999997,229.75716799999998,10.83145,13.862795,1624.652331633768
2005,Nidwald,28.649995,27.250162,0.05331,1.346523,766.1871131119866
2005,Obwald,20.690757,19.502379,0.0,1.1883780000000002,738.1323840619144
2005,Région lémanique,2224.92832,1906.698322,155.099339,163.13065899999998,1619.8547098889176
2005,Saint-Gall,300.20907,278.75568599999997,3.061188,18.392196,688.3265229965483
2005,Schaffhouse,73.447135,68.759927,1.561976,3.125232,1051.4450995736413
2005,Schwytz,106.16447,103.785692,0.268073,2.110705,762.4002226959393
2005,Soleure,220.93010199999998,215.22933799999998,0.0,5.7007639999999995,960.599622445838
2005,Suisse centrale,515.323005,477.84857999999997,0.833492,36.640933000000004,779.3171923129809
2005,Suisse du Nord-Ouest,866.671417,782.6560830000001,18.463679000000003,65.551655,919.32374602417
2005,Suisse orientale,724.7520219999999,675.281878,9.357717,40.112427000000004,733.9297609598385
2005,Tessin,274.620313,244.27278099999998,6.390265,23.957267,1199.802377811234
2005,Thurgovie,96.533603,87.831103,0.17,8.5325,432.8761478670717
2005,Total,7216.171972999999,6551.452049000001,219.74548,444.974444,1085.515508671549
2005,Uri,24.178206999999997,21.898706999999998,0.433809,1.845691,714.6272653815074
2005,Valais,275.93479099999996,260.12688599999996,0.008,15.799905000000003,1014.3471386088344
2005,Vaud,856.3911449999999,721.839029,67.073958,67.478158,1303.5660346932316
2005,Zoug,98.099695,87.765948,0.02,10.313747,1036.9733333333334
2005,Zurich,905.664548,855.424483,12.682811,37.557254,1027.4657623593694
2006,Appenzell Rh.-Ext.,48.04118,45.853327,0.1577,2.0301530000000003,975.1747513389442
2006,Appenzell Rh.-Int.,8.113574999999999,7.142068999999999,0.725231,0.24627500000000002,536.150396301189
2006,Argovie,356.61874900000004,337.069387,0.068463,19.480899,565.9640417028247
2006,Berne,1027.3145490000002,987.1912070000001,0.0,40.123342,1124.147708336135
2006,Bâle-Campagne,194.067521,186.04133000000002,0.709264,7.316927,881.8599099421057
2006,Bâle-Ville,354.025377,287.24658900000003,17.633875,49.144912999999995,1912.7584014627687
2006,Espace Mittelland,1889.1482270000001,1786.1281500000002,26.772662999999998,76.24741399999999,1110.3579380595193
2006,Fribourg,164.381798,149.324331,3.108081,11.949386,1051.8451390626503
2006,Genève,1047.2432840000001,878.023328,87.3413,81.878656,2381.2619439044083
2006,Glaris,28.317379,26.763334,0.098967,1.4550779999999999,748.9604484092524
2006,Grisons,158.84391200000002,147.603067,3.757358,7.483487,1034.5511097413826
2006,Jura,84.399963,75.620922,3.622298,5.1567430000000005,1080.0793655460332
2006,Lucerne,248.133505,227.099154,0.0583,20.976051000000002,733.090047089101
2006,Neuchâtel,398.237215,363.49898,20.042284,14.695950999999999,1404.7058149899356
2006,Nidwald,27.707098999999996,26.256484999999998,0.049373,1.4012410000000002,729.3761365368008
2006,Obwald,21.426382,20.240748,0.0,1.1856339999999999,783.1136656189193
2006,Région lémanique,2183.3112360000005,1882.585204,154.38147500000002,146.344557,1578.5646387629663
2006,Saint-Gall,321.273865,298.384394,3.707619,19.181852,726.6630923070277
2006,Schaffhouse,78.536426,73.706431,1.384887,3.4451080000000003,1121.7942557341767
2006,Schwytz,106.786954,104.198307,0.264547,2.3241,743.4077084539664
2006,Soleure,214.814702,210.49271000000002,0.0,4.321992,924.805099328653
2006,Suisse centrale,516.954075,478.460561,0.8260109999999999,37.667503,770.0511472698818
2006,Suisse du Nord-Ouest,904.7116470000001,810.3573060000001,18.411602,75.94273899999999,896.7161396169788
2006,Suisse orientale,740.466635,687.9237959999999,9.991762000000001,42.55107699999999,755.4016459544041
2006,Tessin,276.307297,248.15829399999998,5.018795,23.130208,1168.7405221695803
2006,Thurgovie,97.340298,88.471174,0.16,8.709124,436.24775561414367
2006,Total,7292.487669000001,6626.823561,227.755743,437.908365,1050.75973234392
2006,Uri,24.545554000000003,22.348507,0.432791,1.764256,726.7895300072306
2006,Valais,286.140914,270.49813,0.004,15.638784,1000.6027227722774
2006,Vaud,849.927038,734.063746,67.036175,48.827117,1305.2745773213073
2006,Zoug,88.35458100000001,78.31736000000001,0.021,10.016221,952.4751844399732
2006,Zurich,781.588552,733.2102500000001,12.353435,36.024867,891.9838175788667
2007,Appenzell Rh.-Ext.,45.605951999999995,43.056312999999996,0.176956,2.3726830000000003,1017.3000859680961
2007,Appenzell Rh.-Int.,7.4539159999999995,6.417006,0.745209,0.291701,496.2786797977109
2007,Argovie,277.345051,255.976538,0.040058,21.328454999999998,565.8598870056499
2007,Berne,1291.4855329999998,1250.0414379999997,0.0,41.444095,1351.1017808923948
2007,Bâle-Campagne,201.492813,193.363398,1.004531,7.124884,899.4432528709397
2007,Bâle-Ville,367.42647300000004,303.51774600000005,17.550576,46.358151,1986.4696196061693
2007,Espace Mittelland,2107.6496289999995,2012.1373919999996,18.55599,76.95624699999999,1234.9263039372154
2007,Fribourg,237.881743,221.468604,3.649303,12.763836000000001,1068.3832050607418
2007,Genève,960.570011,784.490925,91.441088,84.63799800000001,2174.43568621592
2007,Glaris,29.349684,27.782157,0.113735,1.453792,779.5524530683073
2007,Grisons,162.94124,147.458719,8.684394,6.798127000000001,1054.333868395543
2007,Jura,93.963701,85.261747,3.519026,5.182928,967.2698401066932
2007,Lucerne,237.512569,214.940502,0.0583,22.513766999999998,715.9697533183763
2007,Neuchâtel,258.52259100000003,233.350232,11.387661,13.784697999999999,1333.6092939756911
2007,Nidwald,31.066582999999998,29.468394,0.047313,1.5508760000000001,822.672900975585
2007,Obwald,22.347884999999998,21.091496,0.0,1.256389,803.2233239603373
2007,Région lémanique,2164.415145,1838.021644,157.56196999999997,168.831531,1512.112083239814
2007,Saint-Gall,351.17452599999996,328.03135699999996,3.745406,19.397763,806.6455526647949
2007,Schaffhouse,83.75832100000001,79.174642,1.350217,3.233462,1186.3500495991852
2007,Schwytz,104.042068,101.40052,0.354258,2.28729,697.2264538084274
2007,Soleure,225.79606099999998,222.015371,0.0,3.78069,965.0938696010119
2007,Suisse centrale,543.961456,503.23930799999994,1.0583470000000001,39.66380099999999,809.0510967091765
2007,Suisse du Nord-Ouest,846.2643370000001,752.8576820000001,18.595164999999998,74.81148999999999,912.2041215893975
2007,Suisse orientale,792.228971,734.1465440000001,14.921916999999999,43.16051000000001,812.1408731117713
2007,Tessin,283.61741599999993,256.187392,5.06636,22.363664,1184.8020553547883
2007,Thurgovie,111.94533200000001,102.22635000000001,0.106,9.612982,490.5684783384634
2007,Total,7503.290082999999,6813.660587999999,228.54570999999999,461.083785,1084.558057065348
2007,Uri,25.954214,23.478328,0.548476,1.92741,773.6597962086684
2007,Valais,317.649521,277.770763,0.0,39.878758,1078.8455525506613
2007,Vaud,886.1956130000001,775.759956,66.120882,44.314775,1270.3656854085348
2007,Zoug,123.03813699999999,112.860068,0.05,10.128069,1270.4002903717862
2007,Zurich,765.1531290000001,717.0706260000001,12.785961,35.296542,912.2929079965712
2008,Appenzell Rh.-Ext.,99.19107000000001,94.70251400000001,1.45703,3.031526,2380.5220785650363
2008,Appenzell Rh.-Int.,24.717172000000005,21.798248,2.287696,0.6312279999999999,1632.326005149535
2008,Argovie,643.78468427,575.39583589,0.3441358,68.04471258,1441.0062576535693
2008,Berne,2113.2336443599997,2038.1231414200001,0.0,75.11050294,2314.5281573501093
2008,Bâle-Campagne,494.99338887,476.61330637,1.2825,17.0975825,2052.2443331265854
2008,Bâle-Ville,894.45916515,758.85913527,51.99677912,83.60325076,4805.120994746261
2008,Espace Mittelland,3923.7731866500003,3722.8063835899998,53.764315520000004,147.20248754,2452.7335651126587
2008,Fribourg,523.87,486.22858199999996,10.447621999999999,27.193796000000003,2467.317183759253
2008,Genève,2187.272611,1760.75443791,236.15061316999999,190.36755992000002,4893.69807610128
2008,Glaris,72.27180408,68.97890982,0.1911696,3.10172466,1921.8357725664875
2008,Grisons,310.23474675,284.12576221,12.71832,13.39066454,2211.1510701686225
2008,Jura,183.04874576,165.33369352,7.72901692,9.98603532,2704.3122244769843
2008,Lucerne,605.0828092099998,571.8043451499999,0.1166,33.16186406,1966.1399653135015
2008,Neuchâtel,528.2527488200001,465.16595424,35.5876766,27.49911798,3124.6295936175816
2008,Nidwald,92.0601987,88.6340136,0.0900586,3.3361264999999998,2439.5232054719017
2008,Obwald,49.98772314,47.46224024,0.0,2.5254829,1852.1436898380057
2008,Région lémanique,4632.93951136,3884.96663445,443.68154517,304.29133174000003,3360.1615176054584
2008,Saint-Gall,822.5809216600001,768.5472942800001,13.731004,40.30262338,1867.325810133796
2008,Schaffhouse,165.32976267,148.58626239,4.790795,11.95270528,2297.783618762076
2008,Schwytz,196.92221172,191.53534209999998,0.545239,4.84163062,1511.4048673195662
2008,Soleure,575.36804771,567.95501241,0.0,7.4130353,2447.0781037152324
2008,Suisse centrale,1239.6094558299997,1169.82688589,6.431523459999999,63.35104648,1979.3150516805808
2008,Suisse du Nord-Ouest,2033.23723829,1810.86827753,53.623414919999995,168.74554583999998,2210.2042680217064
2008,Suisse orientale,1770.65944577,1643.4054526700002,35.388014600000005,91.86597850000001,1845.6861667279663
2008,Tessin,561.2892431600001,493.4514441,20.95002372,46.88777533999999,2055.623966164053
2008,Thurgovie,276.33396861000006,256.66646197,0.212,19.45550664,1253.911751504222
2008,Total,16031.557228170006,14471.302374420005,648.46111139,911.7937423600006,2406.119007286422
2008,Uri,57.936050480000006,52.2412842,3.0849763,2.60978998,1676.7370174324635
2008,Valais,642.6892986000001,581.32198944,25.229896,36.137413159999994,2211.86133375409
2008,Vaud,1802.97760176,1542.8902071,182.301036,77.78635866,2868.412171522862
2008,Zoug,237.62046257999998,218.1496606,2.5946495599999997,16.876152419999997,2592.985245583839
2008,Zurich,1870.0491471100004,1745.9772961900003,34.622274,89.44957692,2247.537776748598
2009,Appenzell Rh.-Ext.,58.951462,55.996967,0.832332,2.122163,1140.7970615591958
2009,Appenzell Rh.-Int.,12.416518,11.068558000000001,1.082417,0.26554300000000003,800.5238770380872
2009,Argovie,395.1990017,359.7691006,0.25655374999999997,35.17334734999999,841.2980688846254
2009,Berne,1126.54376717,1089.88621745,0.0,36.657549720000006,1232.58943266017
2009,Bâle-Campagne,274.97053322000005,265.51747696,0.80580765,8.647248609999998,1131.306978183495
2009,Bâle-Ville,501.42450328,434.87620439,26.81154532,39.73675357,2666.2654686361084
2009,Espace Mittelland,2069.5770276099997,1968.9860498100002,26.38407263,74.20690517000001,1288.6345049024771
2009,Fribourg,289.01317,269.843366,5.538075,13.631729,1335.064100235526
2009,Genève,1159.78346666,934.5660579,128.76847,96.44893876,2558.527635835423
2009,Glaris,37.13444141,35.1597142,0.7540091,1.22071811,992.8203133903133
2009,Grisons,164.78891486999999,149.5076695,7.270321,8.01092437,1120.339895046546
2009,Jura,92.2370895,82.75938867999999,4.13049761,5.34720321,1365.7072715364798
2009,Lucerne,300.48415643,282.0953127,0.048299999999999996,18.34054373,941.0204338273156
2009,Neuchâtel,272.24788265999996,241.00149818,16.71550002,14.530884460000001,1594.3988638883563
2009,Nidwald,33.90507831,32.12013125,0.03727225,1.74767481,919.9191529728114
2009,Obwald,27.882868000000002,26.48173415,0.0,1.4011338500000001,974.0553263910925
2009,Région lémanique,2563.0097083600003,2163.3967881,242.41746665,157.19545361000002,1835.4769856698604
2009,Saint-Gall,448.36235955999996,414.44573471,8.72417998,25.19244487,1000.5873194663473
2009,Schaffhouse,78.2837675,71.92357805,0.6254562499999999,5.7347332,1079.9299182201316
2009,Schwytz,105.17700633000001,102.71323480000001,0.00109105,2.46268048,785.8166642078232
2009,Soleure,289.53511828,285.4955795,0.0,4.03953878,1226.023060936279
2009,Suisse centrale,588.1990999100001,549.04832723,3.4492495299999995,35.70152315,924.9509739265471
2009,Suisse du Nord-Ouest,1171.5940382,1060.16278195,27.873906719999997,83.55734952999998,1246.1578447208838
2009,Suisse orientale,939.7997937499999,868.33172666,19.368715329999997,52.09935175999999,948.5893298553984
2009,Tessin,296.59772801,257.53025541,12.07780423,26.98966837,1088.9788055772904
2009,Thurgovie,139.86233041000003,130.2295052,0.08,9.552825209999998,630.7525139612161
2009,Total,8609.098914939996,7822.159894359996,331.57121508999995,455.3678054900001,1270.9719100639659
2009,Uri,32.15823383,28.69214355,2.0586188,1.40747148,930.5134211434488
2009,Valais,334.54543596,302.10364000000004,14.608754000000001,17.833041960000003,1168.261697173453
2009,Vaud,1068.68080574,926.7270902,99.04024265,42.91347289,1658.9880801116728
2009,Zoug,88.59175701,76.94577077999999,1.30396743,10.3420188,1035.9637439159342
2009,Zurich,980.3215190999999,954.7039652,0.0,25.617553899999997,1152.022421202191
2010,Appenzell Rh.-Ext.,56.608320000000006,53.411487,0.8117559999999999,2.3850770000000003,1102.8650884198516
2010,Appenzell Rh.-Int.,14.515001,12.948281,1.2255260000000001,0.34119399999999994,918.2212736356163
2010,Argovie,361.96130906999997,333.1610139,0.33223464999999996,28.46806052,779.0244678478114
2010,Berne,1134.98997333,1094.05815925,0.0,40.931814079999995,1234.7375214067172
2010,Bâle-Campagne,290.68082977,278.83384052,0.0,11.84698925,1196.2694186916985
2010,Bâle-Ville,491.48870653,422.57005599,26.25607498,42.66257556,2573.4080873535195
2010,Espace Mittelland,2108.05752803,1990.1992450799999,37.03373916,80.82454378999998,1301.899992434472
2010,Fribourg,299.024721,277.32784999999996,6.454716,15.242155,1343.1991915747458
2010,Genève,1227.09628539,1005.8426905,124.1140163,97.13957858999999,2672.2101987979354
2010,Glaris,37.71299772999999,35.728046479999996,0.80588905,1.1790622000000002,1006.7078646483559
2010,Grisons,179.33165060000002,165.5259283,6.849423,6.9562993,1288.2722801316268
2010,Jura,95.02354229000001,84.93569848000001,4.3460056400000004,5.74183817,1404.3139835898928
2010,Lucerne,309.9071128299999,291.95297609999994,0.048299999999999996,17.90583673,982.1111337180629
2010,Neuchâtel,280.56254686999995,239.43259485,26.23301752,14.8969345,1641.2009140957657
2010,Nidwald,41.96600804999999,39.943293849999996,0.033651600000000004,1.9890626,1118.012083105522
2010,Obwald,26.975823939999998,25.42229244,0.0,1.5535315,941.1030606215556
2010,Région lémanique,2603.6429535400002,2189.68100733,248.3457064,165.61623980999997,1844.306467719583
2010,Saint-Gall,465.39679805000003,436.45147681000003,5.38658416,23.55873708,1022.9438797265694
2010,Schaffhouse,82.14023756,76.11520519999999,0.68350675,5.34152561,1140.6862494415684
2010,Schwytz,107.41822502,105.39095805,0.0,2.02726697,804.8529648300035
2010,Soleure,298.45674454000005,294.4449425,0.0,4.011802039999999,1258.506168094092
2010,Suisse centrale,611.1741550999998,571.6644151599999,4.1449552999999995,35.36478464,966.6062219046643
2010,Suisse du Nord-Ouest,1144.1308453699999,1034.56491041,26.58830963,82.97762533,1209.8131083307956
2010,Suisse orientale,993.9989034299999,927.4597383900001,15.84268496,50.69648008,1005.5105066717464
2010,Tessin,291.24063079,254.55671805,13.82699695,22.85691579,1102.238006268997
2010,Thurgovie,158.29389849,147.2793136,0.08,10.93458489,690.9774870369772
2010,Total,8740.474350849998,7918.575288819997,345.7823924,476.11666963000005,1276.2306682262843
2010,Uri,33.31538441,29.005420599999997,2.61500315,1.69496066,966.3860233093525
2010,Valais,337.83784412,305.6307304,14.515519,17.69159472,1175.711726080983
2010,Vaud,1038.70882403,878.20758643,109.71617110000001,50.7850665,1602.3347755913258
2010,Zoug,91.59160085,79.94947412,1.44800055,10.19412618,1078.156005289587
2010,Zurich,988.22933459,950.4492544,0.0,37.78008019000001,1109.536762516252
2011,Appenzell Rh.-Ext.,65.70506600000002,62.586408000000006,0.9090940000000001,2.2095640000000003,1369.5557415592968
2011,Appenzell Rh.-Int.,16.841755999999997,15.387433999999999,1.158616,0.295706,1071.9570487735036
2011,Argovie,391.80634129,361.64313728,0.15024205000000002,30.012961960000002,900.362896669605
2011,Berne,1152.94532643,1064.1520477,50.4712517,38.32202703,1192.301537360651
2011,Bâle-Campagne,298.39271110000004,288.21423443000003,0.0,10.17847667,1242.8254130863427
2011,Bâle-Ville,514.0174464,437.95072188,26.22114632,49.845578200000006,2825.4183068654793
2011,Espace Mittelland,2195.9375127499998,2031.18824623,85.68586387,79.06340265,1314.5627629082917
2011,Fribourg,334.65243499999997,310.816075,6.908533,16.927826999999997,1471.7218003022224
2011,Genève,1230.01298167,1028.2473827000001,131.6416508,70.12394817,2679.0401768365664
2011,Glaris,39.196015,37.4415201,0.7170873,1.0374076,1213.4223784131063
2011,Grisons,184.06280329999998,170.5748018,6.744088,6.743913500000001,1347.9352215621916
2011,Jura,100.55136718,88.09541669,6.89803766,5.557912829999999,1451.949365174214
2011,Lucerne,298.03301124999996,278.27211524999996,0.038299999999999994,19.722596,1087.8359812053038
2011,Neuchâtel,309.15013429,273.45894174,21.40804151,14.28315104,1802.9465514325102
2011,Nidwald,47.39184176999999,44.035465949999995,1.10000665,2.25636917,1176.0029744337155
2011,Obwald,34.44536861,32.760842600000004,0.0,1.68452601,1236.3967547222612
2011,Région lémanique,2641.77583444,2241.5251743,267.88202490000003,132.36863524,1871.6235587477154
2011,Saint-Gall,506.7218113400001,473.04742402000005,5.35592029,28.31846703,1135.3604245667905
2011,Schaffhouse,78.90495812999998,72.92755184999999,0.66718175,5.31022453,1080.8138387569625
2011,Schwytz,112.07079136,110.09213009999999,0.0010400000000000001,1.9776212599999998,880.5082683600671
2011,Soleure,298.63824985,294.66576510000004,0.0,3.97248475,1243.8634998457858
2011,Suisse centrale,609.9511669999999,566.90371942,5.18686203,37.860585549999996,1047.4440179213657
2011,Suisse du Nord-Ouest,1204.21649879,1087.80809359,26.37138837,90.03701683000001,1320.1564072620822
2011,Suisse orientale,1062.17795034,991.45776537,15.78228734,54.937897629999995,1098.846059272086
2011,Tessin,298.91075391,260.7359512,13.8065938,24.36820891,1119.0114686534582
2011,Thurgovie,170.74554057,159.4926256,0.2303,11.022614970000001,768.385190351247
2011,Total,9143.60553562,8235.55002671,442.41307931,465.6424296000001,1351.5889484591144
2011,Uri,38.46122509,33.96443265,2.6504274999999997,1.8463649400000002,1255.8014953957404
2011,Valais,367.42928029,331.55918334,16.677966,19.19213095,1250.6139833509608
2011,Vaud,1044.3335724800002,881.7186082600001,119.5624081,43.05255612,1628.1897339748823
2011,Zoug,79.54892892,67.77873287,1.39708788,10.37310817,958.3252062802079
2011,Zurich,1130.6358183900002,1055.9310766,27.698059,47.00668279,1286.335427002485
2012,Appenzell Rh.-Ext.,250.56692900000002,240.853923,2.607371,7.105635000000001,5008.873734401589
2012,Appenzell Rh.-Int.,49.427313999999996,44.809059,3.5951760000000004,1.023079,3139.331024252731
2012,Argovie,1167.35006406,1076.34668851,0.62877885,90.37459670000001,2676.1566909027706
2012,Berne,3886.1259305700005,3600.62623565,169.2192855,116.28040942,4056.758254949933
2012,Bâle-Campagne,926.1886396,895.8716531499999,0.0,30.31698645,3847.781045256281
2012,Bâle-Ville,1704.51942476,1480.1684801699998,77.47161815000001,146.87932644,9178.608004580805
2012,Espace Mittelland,7014.370591229999,6490.19321495,284.21793422,239.95944206,4226.120723582995
2012,Fribourg,968.686068,897.4865199999999,20.901204,50.298344,4307.691691748337
2012,Genève,3529.42890338,2886.618178,405.5194882,237.29123718,7673.205772127705
2012,Glaris,123.44474847999999,118.16947041,2.2177914000000003,3.0574866700000003,3612.4338658441466
2012,Grisons,571.00805551,529.8435575,20.524926,20.639572010000002,3967.859552051673
2012,Jura,307.79459186,268.52702922000003,22.58007654,16.6874861,4461.917031583365
2012,Lucerne,906.2330350699999,857.76178736,0.08659999999999998,48.384647709999996,3170.759012903701
2012,Neuchâtel,919.6170989099999,804.7846072799999,71.51736818,43.31512345,5356.014494058458
2012,Nidwald,132.82972393,123.99993891,2.3028053999999996,6.5269796200000005,3368.0945663154
2012,Obwald,100.10171997,93.48377204000002,0.61975742,5.99819051,3496.5391020104835
2012,Région lémanique,7824.3704874000005,6586.391556639999,820.59559142,417.38333933999996,5523.671613934615
2012,Saint-Gall,1514.03148479,1419.56629311,15.92749425,78.53769743,3366.7293454182227
2012,Schaffhouse,248.39880128,230.43600529999998,1.593108,16.369687980000002,3397.8897872197695
2012,Schwytz,339.76448762,333.6672969,0.0010400000000000001,6.096150719999999,2634.2884496315924
2012,Soleure,932.14690189,918.7688228000001,0.0,13.378079089999998,3963.147784943865
2012,Suisse centrale,1838.67650627,1720.3527371,15.72969098,102.59407819,3087.370830860347
2012,Suisse du Nord-Ouest,3798.05812842,3452.3868218300004,78.100397,267.57090959000004,4110.417438760321
2012,Suisse orientale,3317.9546042599995,3111.09621887,47.00646665,159.85191873999997,3359.200507620655
2012,Tessin,993.20693454,883.4650031599999,41.96809672,67.77383466,3656.8132632792804
2012,Thurgovie,561.0772712,527.41791055,0.5406,33.11876065,2484.301326308108
2012,Total,28248.530602289997,25561.003228049995,1315.3162359899998,1372.2111382500002,4132.5292496013635
2012,Uri,111.95143848999999,97.68038114999999,8.18961255,6.081444790000001,3519.704519901012
2012,Valais,1099.95753302,995.9503044,61.25002292,42.7572057,3733.61618460705
2012,Vaud,3194.9840510000004,2703.82307424,353.8260803,137.33489645999998,4931.931287940514
2012,Zoug,247.79610119,213.75956073999998,4.5298756099999995,29.50666484,3033.109816061354
2012,Zurich,3461.8933501700003,3317.1176755,27.698059,117.07761567,3832.4852597932954
2013,Appenzell Rh.-Ext.,51.46865509,47.38639038,0.84357289,3.23869182,1162.405192804936
2013,Appenzell Rh.-Int.,18.096743,16.506575,1.24534,0.34482799999999997,1149.467090014288
2013,Argovie,451.30056060000004,421.71936016000006,0.13066794999999998,29.45053249,1059.8003388298823
2013,Berne,1552.80567361,1400.2061475,117.80176979999999,34.79775631,1571.48436802685
2013,Bâle-Campagne,416.19472742,407.3450616,0.0,8.84966582,1694.9666913307624
2013,Bâle-Ville,387.6441407,310.9152658,22.051618299999998,54.67725659999999,2107.7661221998087
2013,Espace Mittelland,2703.48745265,2463.5697411,163.02634430999998,76.89136724000001,1594.4277156488902
2013,Fribourg,379.779213,353.411532,9.071513999999999,17.296167,1642.5947760081626
2013,Genève,1108.33080352,881.0103033,153.76845920000002,73.55204102,2377.2138177696474
2013,Glaris,42.39253108,40.81234435,0.7163489,0.8638378299999999,1219.2072460170714
2013,Grisons,221.32271694,203.9702328,7.61014492,9.74233922,1433.0340061561567
2013,Jura,118.50007888000002,102.77909749000001,9.87236944,5.8486119500000004,1695.841964536025
2013,Lucerne,318.21219406,305.58918056,0.0,12.623013499999999,1143.4558924875487
2013,Neuchâtel,341.94283358,301.82183831000003,26.28069107,13.840304199999999,1968.280339928652
2013,Nidwald,44.82722407000001,41.41818037,1.3945424499999999,2.01450125,1097.7288678838413
2013,Obwald,53.239069549999996,49.99178198,0.65521147,2.5920761000000003,1685.8755173363443
2013,Région lémanique,2678.50457724,2230.68105728,317.79831615,130.02520381,1879.0656778746923
2013,Saint-Gall,535.83087857,506.7204623,5.101808200000001,24.00860807,1249.6181679248925
2013,Schaffhouse,91.62077483,85.97390518,0.2147375,5.43213215,1238.0444797049854
2013,Schwytz,123.87650402,119.45539905,0.0128,4.4083049700000005,975.2527187560171
2013,Soleure,310.45965358,305.35112580000003,0.0,5.10852778,1348.0378533568905
2013,Suisse centrale,669.8932802300001,630.1351926099999,6.26651538,33.491572239999996,1132.5655125512824
2013,Suisse du Nord-Ouest,1255.13942872,1139.97968756,22.182286249999997,92.97745490999999,1400.232465592272
2013,Suisse orientale,1206.39304153,1134.4167091099998,15.96225241,56.01408001,1233.0517335981754
2013,Tessin,413.46482392,385.83162809000004,9.21461616,18.41857967,1580.3901518619105
2013,Thurgovie,245.66074202000001,233.04679910000002,0.2303,12.383642919999998,1071.4380252124433
2013,Total,10319.207533130002,9331.023473750001,534.45033066,453.7337287200002,1493.3433997324012
2013,Uri,39.081019430000005,33.46004656,2.50494994,3.1160229299999997,1259.7804796109451
2013,Valais,428.87697112,379.97405514,35.01834815,13.88456783,1400.135433199279
2013,Vaud,1141.2968025999999,969.69669884,129.0115088,42.58859496,1775.3827049279212
2013,Zoug,90.6572691,80.22060409,1.69901152,8.737653490000001,1100.8356853421278
2013,Zurich,1392.32492884,1346.409458,0.0,45.915470840000005,1402.3523502344472
2014,Appenzell Rh.-Ext.,63.64463504,59.08410976,1.08606232,3.47446296,1367.612681917312
2014,Appenzell Rh.-Int.,28.642363999999997,27.023439,1.3199880000000002,0.298937,1812.1596484572583
2014,Argovie,585.3478715399999,562.72487569,0.07856865,22.544427199999998,1090.7871673692823
2014,Berne,1542.36325734,1397.2379743000001,113.4083363,31.71694674,1546.2873258503635
2014,Bâle-Campagne,429.9171858100001,419.7135611400001,0.0,10.20362467,1762.5662269781433
2014,Bâle-Ville,430.16225147999995,353.87835094999997,21.91286868,54.37103185,2306.546414224234
2014,Espace Mittelland,2703.4976143,2466.88372518,160.72613182,75.88775729999999,1584.941774150549
2014,Fribourg,372.41695999999996,346.51815799999997,8.015404,17.883398,1637.4084961539036
2014,Genève,1105.7152889699998,870.5169211,158.67441029999998,76.52395757,2335.824536753631
2014,Glaris,44.854424290000004,44.61279519,0.08122979999999999,0.1603992999999998,1295.6724637535112
2014,Grisons,210.65988733,192.7029815,8.3074731,9.649432730000001,1348.9817750259053
2014,Jura,120.81308384999998,103.96776086999999,10.621178050000001,6.2241449300000005,1709.4505613674833
2014,Lucerne,311.4614451,300.02644395,0.0,11.43500115,1144.716118060572
2014,Neuchâtel,351.15577321999996,307.22615131,28.68121347,15.24840844,1998.3185862058242
2014,Nidwald,44.23725062,40.700225429999996,1.5598315,1.97719369,1077.546884527439
2014,Obwald,48.09825187999999,44.318887589999996,0.6774990000000001,3.10186529,1542.2078469069138
2014,Région lémanique,2833.1586534999997,2312.96504889,343.43322478,176.76037982999998,1885.3442556325208
2014,Saint-Gall,513.73861493,484.14968105,4.60150663,24.98742725,1251.891852807479
2014,Schaffhouse,94.27546942999999,88.48276784,0.22798125,5.56472034,1258.258370290771
2014,Schwytz,133.87833805000002,129.79621095000002,0.008,4.0741271,1042.4533049925203
2014,Soleure,316.74853989,311.9336807,0.0,4.81485919,1360.2827282179007
2014,Suisse centrale,675.74705318,636.0440622499999,6.5278927399999995,33.17509819,1160.3311748625276
2014,Suisse du Nord-Ouest,1445.42730883,1336.3167877800001,21.99143733,87.11908372,1468.0315569538027
2014,Suisse orientale,1215.33634003,1142.27950592,15.8542411,57.20259301,1251.1957889190485
2014,Tessin,420.44723825999995,385.74075729,17.26201519,17.444465779999998,1546.0794443695092
2014,Thurgovie,259.52094501,246.22373158,0.23,13.067213429999999,1110.2758003935035
2014,Total,10619.786557000001,9565.186250310002,565.7949429599998,488.80536373,1500.1061073948895
2014,Uri,39.26149541,33.93083173,2.47798315,2.85268053,1273.242105102055
2014,Valais,429.36096215,376.85128914,35.41503198,17.09464103,1380.564625076278
2014,Vaud,1298.08240238,1065.59683865,149.3437825,83.14178122999999,1823.134856313033
2014,Zoug,98.81027212,87.27146259999999,1.80457909,9.73423043,1239.8376385244765
2014,Zurich,1326.1723488999999,1284.9563629999998,0.0,41.2159859,1370.056986397817
2015,Appenzell Rh.-Ext.,58.258943890000005,55.203601510000006,0.09466945,2.9606729300000003,1343.7734438848327
2015,Appenzell Rh.-Int.,24.886858999999998,22.869104,1.6949880000000002,0.32276699999999997,1564.9776925977126
2015,Argovie,620.4722756099998,600.0230538199999,0.07302750000000001,20.37619429,1127.8026474265405
2015,Berne,1549.06086592,1406.3173351,113.2543279,29.48920292,1560.057348198062
2015,Bâle-Campagne,423.75610106,414.06142705,0.0,9.69467401,1724.5511613867768
2015,Bâle-Ville,423.35445949,345.92329708,22.78371635,54.64744606,2258.2817220846396
2015,Espace Mittelland,2763.26588254,2525.34233815,164.81941239,73.104132,1614.4511227416529
2015,Fribourg,379.48747799999995,353.257027,9.311877,16.918574,1651.8645603908076
2015,Genève,1145.3627996799999,898.6715950999999,166.6306881,80.06051647999999,2381.1948301305138
2015,Glaris,43.736734070000004,42.397041540000004,0.0821745,1.25751803,1269.0818080228507
2015,Grisons,217.47564064000002,197.94201285000003,9.23630285,10.29732494,1419.1832799315155
2015,Jura,127.42308817,110.95174678,10.57953347,5.891807919999999,1787.969123918673
2015,Lucerne,328.53536839,316.11254305,0.0,12.422825340000001,1141.6446270447686
2015,Neuchâtel,380.40234762,332.83118127,31.67367402,15.897492329999999,2152.766008485401
2015,Nidwald,44.14226605,40.8141459,1.6172303,1.71088985,1069.6317926627219
2015,Obwald,41.563481599999996,38.04410194,0.69476188,2.82461778,1392.4609419564333
2015,Région lémanique,2905.8857787999996,2356.4076597499998,367.7233916,181.75472745,1917.6990589593772
2015,Saint-Gall,598.4346217200001,568.79452745,4.39065,25.24944427,1403.8563157497974
2015,Schaffhouse,92.99063840999999,87.25352166999998,0.22667500000000002,5.51044174,1228.3483494816423
2015,Schwytz,141.55150443999997,137.37504884999998,0.006,4.17045559,1084.8299141605723
2015,Soleure,326.89210283,321.985048,0.0,4.90705483,1370.8695728085381
2015,Suisse centrale,702.21907619,663.2511895299999,6.78192946,32.185957200000004,1144.216058816199
2015,Suisse du Nord-Ouest,1467.5828361599997,1360.0077779499998,22.856743849999997,84.71831436,1470.2853697056964
2015,Suisse orientale,1324.3788452200001,1247.30623051,15.9554598,61.11715491,1345.8045045357885
2015,Tessin,432.00071507999996,399.26915915999996,15.50614079,17.225415130000002,1575.6042424630753
2015,Thurgovie,288.59540748999996,272.84642148999995,0.23,15.518986,1216.876160794635
2015,Total,10980.866564060003,9897.679397350003,593.7000778900001,489.4870888199998,1530.8456305506284
2015,Uri,42.65696812,37.07397793,2.7461526,2.83683759,1348.2489815367946
2015,Valais,414.7358041999999,359.29759605999993,38.948870199999995,16.489337940000002,1362.2424807216619
2015,Vaud,1345.78717492,1098.43846859,162.1438333,85.20487303,1868.7077076045719
2015,Zoug,103.76948759,93.83137186,1.71778468,8.22033105,1117.5090209435107
2015,Zurich,1385.5334300700001,1346.0950423000002,0.057,39.38138777,1395.9354212507785
2016,Appenzell Rh.-Ext.,61.57047186,57.67571295,0.0505,3.84425891,1403.2033535165347
2016,Appenzell Rh.-Int.,25.60288315,23.944709,1.409961,0.24821315000000002,1602.5088125840448
2016,Argovie,634.01703259,614.87420919,0.10826680000000001,19.0345566,1149.6603543594933
2016,Berne,1578.6685633599998,1421.3986985999998,121.5272084,35.74265636,1581.2076008661463
2016,Bâle-Campagne,406.44392906,393.18921403,0.0,13.25471503,1663.3168904553886
2016,Bâle-Ville,455.83932168999996,376.91985508,24.02094563,54.89852098,2415.1310389283085
2016,Espace Mittelland,2816.1529238099997,2559.20599905,178.17678547000003,78.77013928999999,1627.9557979776366
2016,Fribourg,380.276344,353.514014,8.979959000000001,17.782370999999998,1608.6671972230072
2016,Genève,1088.33108663,833.7961354,167.2216074,87.31334383,2234.5486062857963
2016,Glaris,44.866002640000005,43.603880190000005,0.0939769,1.16814555,1305.7806727782977
2016,Grisons,226.69843385,206.0561574,9.21005825,11.4322182,1442.8669574791961
2016,Jura,125.46276834,108.85749463,10.57011286,6.0351608500000005,1756.164743667069
2016,Lucerne,341.76881636,331.16312135000004,0.0,10.60569501,1197.8610670203789
2016,Neuchâtel,370.46413814000005,319.17056192,37.099505210000004,14.19407101,2091.351778206429
2016,Nidwald,47.45580057,43.686317689999996,1.8762358,1.89324708,1143.1329700150632
2016,Obwald,47.840632389999996,44.451462729999996,0.67504792,2.71412174,1547.892371128482
2016,Région lémanique,2990.39998207,2419.8468135,372.7984804,197.75468817,1939.9098419978295
2016,Saint-Gall,614.35997756,583.6344328499999,4.79344869,25.932096020000003,1431.503220951721
2016,Schaffhouse,101.3704324,95.7008135,0.21604374999999998,5.45357515,1322.5653662090222
2016,Schwytz,151.54511130999998,144.221144,0.0152231,7.3087442099999995,1132.175563692911
2016,Soleure,361.28110996999993,356.26522989999995,0.0,5.015880070000001,1485.2177066728373
2016,Suisse centrale,735.6627515499999,695.0224994600001,7.4016376600000005,33.23861443,1199.9596513780514
2016,Suisse du Nord-Ouest,1496.30028334,1384.9832783000002,24.12921243,87.18779261,1492.8135140885975
2016,Suisse orientale,1378.12885317,1300.34361314,16.00398859,61.781251440000005,1383.3288837386217
2016,Tessin,445.66598501,411.43787704,17.81493892,16.41316905,1611.7653537697447
2016,Thurgovie,303.6606517100001,289.72790725000004,0.23,13.70274446,1262.6752203338178
2016,Total,11026.5553711,9889.065892089999,616.32504347,521.1644355399999,1535.4159961570879
2016,Uri,45.10838459,39.289709970000004,3.1360593,2.68261532,1485.49800965085
2016,Valais,435.74451296000007,373.61297417000003,44.849124,17.282414790000004,1425.3444486658213
2016,Vaud,1466.32438248,1212.43770393,160.72774900000002,93.15892955,1978.5505126781748
2016,Zoug,101.94400633000001,92.21074372,1.6990715399999998,8.03419107,1122.8510008046098
2016,Zurich,1164.24459215,1118.2258116,0.0,46.018780549999995,1294.569590342246
