annee,canton,Total,Constructions,Amélio-,Acquisition,Entretien Construction,Entretien Exploitation,Administration,Surveillance Policiere
1994,Appenzell Rh.-Ext.,31374.0,0,16298,-46,2796,7706,1705.0,2915
1994,Appenzell Rh.-Int.,4206.0,488,931,0,265,1107,887.0,527
1994,Argovie,100621.0,15640,45561,4110,7290,19403,3700.0,4917
1994,Berne,169980.0,3880,51216,0,34188,48319,1722.0,30654
1994,Bâle-Campagne,88815.0,187,45672,382,11671,16913,3351.0,10638
1994,Bâle-Ville,99176.0,252,35097,587,8493,40729,1933.0,12086
1994,Espace Mittelland,392484.0,83318,90135,4942,44935,97121,14916.0,57115
1994,Fribourg,50551.0,5560,12256,643,3347,13449,5147.0,10149
1994,Genève,63226.0,5440,10623,779,4206,24140,8265.0,9772
1994,Glaris,14798.0,9,5006,63,1608,3513,2336.0,2263
1994,Grisons,195564.0,28694,67546,4472,29473,49455,5966.0,9958
1994,Jura,22143.0,6588,2026,1071,1664,6710,1144.0,2940
1994,Lucerne,66472.0,0,21500,7735,3965,9820,15099.0,8354
1994,Neuchâtel,107991.0,67259,4049,2219,4227,16044,5158.0,9035
1994,Nidwald,7941.0,1352,871,106,1221,2170,445.0,1777
1994,Obwald,4959.0,0,687,0,826,1589,396.0,1461
1994,Région lémanique,323508.0,23686,87082,7795,30172,108048,25647.0,41078
1994,Schaffhouse,7701.0,103,1056,-17,323,2697,1549.0,1989
1994,Schwytz,27276.0,3177,10315,281,2228,6675,1344.0,3257
1994,Soleure,41819.0,31,20588,1009,1509,12599,1745.0,4337
1994,St. Gall,81012.0,0,39137,1908,12489,19014,1295.0,7169
1994,Suisse centrale,391618.0,30635,157066,7573,54703,96293,15749.0,29597
1994,Suisse du Nord-Ouest,288612.0,16079,126330,5079,27454,77045,8984.0,27641
1994,Tessin,218586.0,0,135276,13108,11713,42415,12577.0,3497
1994,Thurgovie,56963.0,1341,27092,1193,7749,12801,2011.0,4776
1994,Total,1907803.0,167137,678401,50909,193943,512424,109524.0,195466
1994,Uri,38102.0,0,19245,66,2945,12872,581.0,2394
1994,Valais,139031.0,0,55817,3499,19700,40537,6766.0,12713
1994,Vaud,121251.0,18246,20642,3517,6266,43371,10616.0,18593
1994,Zentralschweiz,176670.0,12239,56747,8391,13845,39526,25854.0,20072
1994,Zoug,31920.0,7710,4129,203,2660,6400,7989.0,2829
1994,Zurich,116326.0,1178,25769,4021,11120,51976,5796.0,16466
1995,Appenzell Rh.-Ext.,32061.0,0,16748,1192,2428,7206,1582.0,2905
1995,Appenzell Rh.-Int.,4552.0,283,1318,0,199,1620,529.0,603
1995,Argovie,94320.0,14298,42080,-776,6445,22643,3760.0,5870
1995,Berne,183385.0,2478,33921,0,26539,74508,13531.0,32408
1995,Bâle-Campagne,107226.0,0,65347,692,12625,14871,3943.0,9748
1995,Bâle-Ville,98615.0,270,32580,86,8716,41885,2010.0,13068
1995,Espace Mittelland,342643.0,27104,65743,3239,36291,123083,26271.0,60912
1995,Fribourg,51685.0,5211,12497,841,3442,14204,4907.0,10583
1995,Genève,43253.0,1614,5125,270,1580,17857,6838.0,9969
1995,Glaris,17334.0,0,6748,6,1773,3113,3138.0,2556
1995,Grisons,189012.0,0,97759,3044,29663,43274,4824.0,10448
1995,Jura,22076.0,5460,1550,898,2546,6606,1219.0,3797
1995,Lucerne,71492.0,0,30889,4221,4125,17878,4077.0,10303
1995,Neuchâtel,48424.0,13927,2037,840,2746,15910,5112.0,7852
1995,Nidwald,13766.0,0,5274,249,1150,4914,406.0,1773
1995,Obwald,5265.0,0,584,105,1354,1454,356.0,1412
1995,Région lémanique,309159.0,25110,74978,8524,21220,110776,23867.0,44684
1995,Schaffhouse,8729.0,93,435,-32,405,4097,1539.0,2192
1995,Schwytz,31742.0,0,15003,963,2897,7323,2196.0,3360
1995,Soleure,37073.0,28,15738,660,1018,11855,1502.0,6272
1995,St. Gall,72173.0,0,24503,1292,16555,19609,2382.0,7833
1995,Suisse centrale,381360.0,1378,171754,6060,59102,95200,15986.0,31881
1995,Suisse du Nord-Ouest,300161.0,14568,140007,2,27786,79399,9713.0,28686
1995,Tessin,266582.0,0,155876,47349,13114,39958,6788.0,3497
1995,Thurgovie,57499.0,1002,24243,558,8079,16281,1992.0,5344
1995,Total,1900016.0,80894,702294,73414,184285,551111,99461.0,208565
1995,Uri,29100.0,0,12517,142,3400,8735,1796.0,2509
1995,Valais,111767.0,0,25015,6670,11096,46685,6168.0,16133
1995,Vaud,154139.0,23496,44838,1584,8544,46234,10861.0,18582
1995,Zentralschweiz,179790.0,6525,72945,5730,13606,46918,11660.0,22406
1995,Zoug,28425.0,6525,8678,50,680,6614,2829.0,3049
1995,Zurich,120323.0,6207,20989,2510,13164,55777,5176.0,16499
1996,Appenzell Rh.-Ext.,26539.0,0,11901,402,2447,7400,1546.0,2843
1996,Appenzell Rh.-Int.,5106.0,387,1913,27,177,1558,523.0,523
1996,Argovie,97039.0,9479,45310,-2329,8077,26248,3858.0,6397
1996,Berne,185696.0,7275,48599,0,29755,59375,7808.0,32884
1996,Bâle-Campagne,83269.0,0,42785,775,12134,14109,3612.0,9853
1996,Bâle-Ville,81465.0,253,19753,147,8749,37583,1953.0,13026
1996,Espace Mittelland,348496.0,22228,93133,2113,39851,107133,23013.0,61027
1996,Fribourg,51414.0,0,18736,140,3297,13628,5174.0,10439
1996,Genève,43649.0,348,5536,154,4051,17947,4792.0,10822
1996,Glaris,21363.0,41,8718,53,1460,3245,5067.0,2777
1996,Grisons,189726.0,0,95990,4428,29623,42733,6516.0,10435
1996,Jura,24783.0,7540,1578,756,3134,6894,1562.0,3319
1996,Lucerne,65760.0,0,17585,6091,7722,20304,3943.0,10115
1996,Neuchâtel,44968.0,7413,6299,446,2942,14243,5562.0,8065
1996,Nidwald,9853.0,0,1151,166,974,5226,617.0,1719
1996,Obwald,5059.0,0,376,0,1093,1874,444.0,1272
1996,Région lémanique,267638.0,21948,47118,10097,20605,100806,23056.0,44007
1996,Schaffhouse,11088.0,64,1792,-73,1128,4327,1486.0,2364
1996,Schwytz,35860.0,0,19830,224,2557,7161,2305.0,3784
1996,Soleure,41635.0,0,17921,771,723,12993,2907.0,6320
1996,St. Gall,87869.0,0,36535,1839,19719,20097,1777.0,7902
1996,Suisse centrale,397369.0,12360,173871,7102,58604,95095,18408.0,31929
1996,Suisse du Nord-Ouest,261773.0,9732,107848,-1407,28960,77940,9423.0,29276
1996,Tessin,187645.0,0,121590,6974,10822,38228,6534.0,3497
1996,Thurgovie,55678.0,11868,17022,426,4050,15735,1493.0,5085
1996,Total,1773413.0,73253,625126,35263,196522,524550,96878.0,221823
1996,Uri,26989.0,0,11051,355,2797,8254,2008.0,2524
1996,Valais,109358.0,0,31767,6505,9393,38906,6696.0,16091
1996,Vaud,114631.0,21600,9815,3438,7161,43953,11568.0,17094
1996,Zentralschweiz,169812.0,2790,59814,6883,15939,49385,12068.0,22934
1996,Zoug,26291.0,2790,9821,47,796,6566,2751.0,3520
1996,Zurich,140678.0,4197,21751,3500,21739,55963,4374.0,29153
1997,Appenzell Rh.-Ext.,28341.0,0,15279,800,2680,5078,1324.0,3180
1997,Appenzell Rh.-Int.,5446.0,718,2055,0,293,1291,584.0,505
1997,Argovie,89805.0,3802,42188,2277,7889,18596,4085.0,10969
1997,Berne,184991.0,5829,48308,0,33472,57848,7710.0,31824
1997,Bâle-Campagne,104127.0,42772,17697,1210,13897,15354,3370.0,9827
1997,Bâle-Ville,73249.0,259,10838,189,8423,37393,2335.0,13813
1997,Espace Mittelland,358317.0,28895,93365,931,43602,106810,23589.0,61125
1997,Fribourg,54027.0,3316,15412,345,3673,15050,5202.0,11029
1997,Genève,45213.0,91,8425,465,2496,17689,4732.0,11315
1997,Glaris,11416.0,0,3181,24,836,2611,2001.0,2764
1997,Grisons,198272.0,0,101234,2364,32813,44689,6564.0,10608
1997,Jura,24712.0,8636,1435,113,3334,6510,1525.0,3159
1997,Lucerne,58871.0,0,18183,1795,8618,17150,3447.0,9677
1997,Neuchâtel,45406.0,11114,3544,136,2589,14138,5730.0,8155
1997,Nidwald,9371.0,0,1645,29,630,4791,462.0,1814
1997,Obwald,5175.0,48,836,18,1199,1345,423.0,1306
1997,Région lémanique,264935.0,10480,63659,10735,21854,94186,18185.0,45836
1997,Schaffhouse,11002.0,0,1817,3,900,4201,1691.0,2389
1997,Schwytz,34770.0,0,18671,316,1472,7779,2281.0,4250
1997,Soleure,49181.0,0,24666,337,534,13264,3422.0,6958
1997,St. Gall,79203.0,0,31635,6309,13681,17930,1430.0,8219
1997,Suisse centrale,395751.0,16899,175857,9858,54596,91382,14598.0,32561
1997,Suisse du Nord-Ouest,267181.0,46833,70723,3676,30209,71343,9790.0,34609
1997,Tessin,162079.0,58766,43404,5513,7587,36009,7304.0,3497
1997,Thurgovie,62071.0,16181,20656,358,3393,15582,1004.0,4896
1997,Total,1765068.0,177835,523741,39131,196702,503313,91276.0,233073
1997,Uri,24810.0,0,9841,369,3167,6840,1711.0,2882
1997,Valais,120780.0,0,39794,9919,12211,35830,6991.0,16035
1997,Vaud,98942.0,10389,15440,351,7147,40667,6462.0,18486
1997,Zentralschweiz,159992.0,2100,59696,2709,15416,44109,11666.0,24294
1997,Zoug,26995.0,2052,10520,182,330,6204,3342.0,4365
1997,Zurich,156813.0,13862,17035,5709,23437,59474,6144.0,31151
1998,Appenzell Rh.-Ext.,28004.0,508,14452,756,2383,5519,1487.0,2899
1998,Appenzell Rh.-Int.,5510.0,775,1640,29,312,1273,1001.0,480
1998,Argovie,79562.0,4441,42058,-1124,6887,16166,4537.0,6597
1998,Berne,177401.0,9569,53669,0,19515,58730,7856.0,28062
1998,Bâle-Campagne,127188.0,60114,20639,2669,12600,16929,3166.0,11071
1998,Bâle-Ville,72533.0,1347,10391,219,5074,37600,2329.0,15573
1998,Espace Mittelland,361763.0,41334,99550,3323,28973,106546,23924.0,58113
1998,Fribourg,55291.0,2765,16944,1162,3122,14123,5226.0,11949
1998,Genève,49309.0,22,8854,1019,5220,19071,3114.0,12009
1998,Glaris,10523.0,0,2617,311,826,2842,1159.0,2768
1998,Grisons,201385.0,0,107183,2311,30564,44657,6013.0,10657
1998,Jura,25165.0,8480,1532,72,3532,6675,1534.0,3340
1998,Lucerne,61710.0,0,16126,2500,11066,16249,3611.0,12158
1998,Neuchâtel,60856.0,20520,7597,2123,2323,14040,5973.0,8280
1998,Nidwald,10076.0,0,2135,140,834,4834,376.0,1757
1998,Obwald,3636.0,0,125,13,822,1125,389.0,1162
1998,Région lémanique,262478.0,9386,61151,8361,24305,96603,16392.0,46280
1998,Schaffhouse,12719.0,76,3082,19,862,4776,1569.0,2335
1998,Schwytz,35532.0,0,19254,188,1392,7495,2307.0,4896
1998,Soleure,43050.0,0,19808,-34,481,12978,3335.0,6482
1998,St. Gall,96392.0,18025,28664,6890,12033,18512,1394.0,10874
1998,Suisse centrale,425880.0,40402,184443,10110,49652,91034,13655.0,36584
1998,Suisse du Nord-Ouest,279283.0,65902,73088,1764,24561,70695,10032.0,33241
1998,Tessin,148645.0,59640,40340,2365,5660,31887,5256.0,3497
1998,Thurgovie,71347.0,21018,26805,-206,2672,13455,1032.0,6571
1998,Total,1800012.0,231201,537791,33204,186112,484823,86270.0,240611
1998,Uri,24224.0,118,7681,119,3695,6679,1549.0,4383
1998,Valais,116149.0,0,38040,6759,10824,37191,7071.0,16264
1998,Vaud,97020.0,9364,14257,583,8261,40341,6207.0,18007
1998,Zentralschweiz,165460.0,1240,59595,3103,17749,42683,11693.0,29397
1998,Zoug,30282.0,1122,14274,143,-60,6301,3461.0,5041
1998,Zurich,156503.0,13297,19624,4178,35212,45375,5318.0,33499
1999,Appenzell Rh.-Ext.,32556.0,1576,16893,1062,2287,6099,1623.0,3016
1999,Appenzell Rh.-Int.,7114.0,538,3045,57,237,1703,1036.0,498
1999,Argovie,132011.0,25330,68990,1907,9802,17356,3064.0,5562
1999,Berne,216682.0,24245,93087,0,19233,45710,7440.0,26967
1999,Bâle-Campagne,108092.0,37855,22611,2515,14166,16387,3671.0,10887
1999,Bâle-Ville,83096.0,3232,13987,157,5418,42321,2636.0,15345
1999,Espace Mittelland,394499.0,55018,136132,1647,28589,97068,23030.0,53016
1999,Fribourg,54095.0,2478,14104,863,2783,16599,5062.0,12206
1999,Genève,45140.0,697,6056,191,4811,18248,3670.0,11467
1999,Glaris,11100.0,202,1695,89,1572,3582,1094.0,2866
1999,Grisons,227804.0,1553,119810,3137,37275,48035,6609.0,11387
1999,Jura,20828.0,3408,4911,33,2777,6948,1235.0,1516
1999,Lucerne,69108.0,1061,25689,1926,7444,17333,3715.0,11939
1999,Neuchâtel,64967.0,24406,10644,790,2995,14494,5907.0,5731
1999,Nidwald,12405.0,156,3683,64,1133,4984,501.0,1885
1999,Obwald,4619.0,471,63,0,831,1346,372.0,1535
1999,Région lémanique,318416.0,11766,95044,10764,26219,113234,15840.0,45549
1999,Schaffhouse,14346.0,433,2294,12,646,4542,1438.0,4980
1999,Schwytz,35720.0,308,16847,83,3706,8715,2474.0,3587
1999,Soleure,37927.0,481,13386,-39,801,13317,3386.0,6596
1999,St. Gall,133937.0,45308,28901,11480,15968,21860,1492.0,8927
1999,Suisse centrale,490948.0,65516,194705,18111,61135,99510,14418.0,37553
1999,Suisse du Nord-Ouest,323199.0,66417,105588,4579,29386,76064,9371.0,31794
1999,Tessin,148886.0,79664,19125,3092,8180,29386,5942.0,3497
1999,Thurgovie,64091.0,15906,22067,2274,3150,13689,1126.0,5879
1999,Total,2039943.0,304676,647712,44619,200199,524660,86547.0,231534
1999,Uri,25788.0,346,8653,26,2990,8334,1565.0,3875
1999,Valais,164694.0,899,71058,8856,12975,48093,6073.0,16740
1999,Vaud,108582.0,10170,17930,1717,8433,46893,6097.0,17342
1999,Zentralschweiz,183388.0,3364,74291,2272,16812,47243,11395.0,28010
1999,Zoug,35748.0,1022,19356,173,708,6531,2768.0,5189
1999,Zurich,180607.0,22933,22824,4154,29875,62155,6551.0,32115
2000,Appenzell Rh.-Ext.,33320.0,771,17620,536,1967,7064,1759.0,3603
2000,Appenzell Rh.-Int.,4911.0,179,1761,64,356,1426,612.0,514
2000,Argovie,138273.0,35716,68407,-892,6260,19076,4234.0,5472
2000,Berne,191277.0,28383,68775,0,21628,38099,7652.0,26740
2000,Bâle-Campagne,121808.0,35781,26621,12840,16862,16149,2663.0,10892
2000,Bâle-Ville,108885.0,27147,9224,285,7896,43508,4708.0,16117
2000,Espace Mittelland,375080.0,50411,122180,2406,31446,88493,23431.0,56714
2000,Fribourg,53554.0,1464,16356,251,1991,14937,6030.0,12526
2000,Genève,51135.0,0,10756,778,3434,19338,3503.0,13326
2000,Glaris,14570.0,4118,1458,977,1340,2745,1076.0,2857
2000,Grisons,219633.0,17815,96390,2501,27529,56057,8063.0,11278
2000,Jura,23157.0,1790,4956,29,3639,7262,1258.0,4222
2000,Lucerne,81149.0,0,36913,4350,7045,14836,3989.0,14015
2000,Neuchâtel,68784.0,18765,17619,2091,3354,15052,6002.0,5901
2000,Nidwald,9827.0,0,1786,124,1377,4132,544.0,1864
2000,Obwald,3987.0,171,104,0,1063,1064,386.0,1198
2000,Région lémanique,312950.0,16696,105020,2932,19241,106447,14652.0,47962
2000,Schaffhouse,13855.0,45,1457,-14,702,5188,1513.0,4964
2000,Schwytz,36786.0,287,18153,13,2636,7943,4076.0,3677
2000,Soleure,38308.0,9,14474,35,834,13143,2489.0,7325
2000,St. Gall,121824.0,34497,31116,6126,14513,23149,3354.0,9069
2000,Suisse centrale,455963.0,63612,169657,10040,49323,106613,17555.0,39164
2000,Suisse du Nord-Ouest,368966.0,98644,104252,12233,31018,78733,11605.0,32481
2000,Tessin,127747.0,35933,45970,2208,7426,25604,7108.0,3497
2000,Thurgovie,47850.0,6187,19855,-150,2916,10984,1178.0,6879
2000,Total,2034622.0,289444,645960,38766,174523,538299,97652.0,249979
2000,Uri,23604.0,486,8172,85,2413,6550,1392.0,4508
2000,Valais,155644.0,0,79091,1583,11885,40762,5133.0,17190
2000,Vaud,106171.0,16696,15173,571,3922,46347,6016.0,17446
2000,Zentralschweiz,197294.0,3817,80868,4690,15289,40939,13520.0,38170
2000,Zoug,41941.0,2873,15740,118,755,6414,3133.0,12908
2000,Zurich,196619.0,20331,18012,4257,20778,91470,9780.0,31991
2001,Appenzell Rh.-Ext.,33389.0,830,10367,595,8693,6562,2542.0,3800
2001,Appenzell Rh.-Int.,6485.0,330,3299,74,158,1459,651.0,514
2001,Argovie,153341.0,35111,67027,-4,6781,23724,4677.0,16025
2001,Berne,194172.0,11249,62415,0,22841,62713,7814.0,27139
2001,Bâle-Campagne,117538.0,41605,25999,1815,7666,25985,2512.0,11955
2001,Bâle-Ville,117988.0,24354,18188,317,10069,42229,4798.0,18033
2001,Espace Mittelland,381503.0,21619,122532,563,41428,107960,23947.0,63453
2001,Fribourg,57178.0,6563,13730,42,5721,11798,6089.0,13235
2001,Genève,51033.0,200,11643,94,1697,22437,3650.0,11312
2001,Glaris,16036.0,5765,1916,120,1933,2425,1129.0,2748
2001,Grisons,217960.0,18773,94868,2243,19904,64187,6490.0,11495
2001,Jura,31020.0,-10,10643,356,6377,7193,1314.0,5147
2001,Lucerne,82298.0,872,27856,2852,12759,20708,5122.0,12130
2001,Neuchâtel,49628.0,3256,15165,165,3313,14410,6010.0,7309
2001,Nidwald,9638.0,117,490,0,1603,4994,437.0,1997
2001,Obwald,5668.0,-10,1243,19,1010,1769,368.0,1268
2001,Région lémanique,324342.0,15811,105722,5569,18711,112071,19631.0,46827
2001,Schaffhouse,14675.0,0,2096,-49,1158,4183,1480.0,5807
2001,Schwytz,35203.0,199,15435,1,3311,8271,4295.0,3691
2001,Soleure,49505.0,561,20579,0,3176,11846,2720.0,10623
2001,St. Gall,118214.0,43683,24486,3477,16871,19459,944.0,9293
2001,Suisse centrale,463938.0,76421,151248,7138,56535,114565,13756.0,44274
2001,Suisse du Nord-Ouest,388867.0,101070,111214,2128,24516,91938,11987.0,46013
2001,Tessin,150222.0,37654,59681,3353,2539,35200,8299.0,3497
2001,Thurgovie,57179.0,7040,14216,678,7818,16290,520.0,10617
2001,Total,2103511.0,266110,660066,28665,214843,566537,100287.0,267003
2001,Uri,18626.0,0,4581,166,2481,5820,1403.0,4176
2001,Valais,171240.0,0,81803,5286,7736,48920,9747.0,17748
2001,Vaud,102069.0,15611,12276,189,9278,40714,6234.0,17767
2001,Zentralschweiz,180880.0,1955,59465,4406,21275,49707,14729.0,29344
2001,Zoug,29447.0,777,9860,1368,111,8145,3104.0,6082
2001,Zurich,213759.0,11580,50204,5508,49839,55096,7938.0,33595
2002,Appenzell Rh.-Ext.,39148.0,1843,20382,1045,5230,4822,1731.0,4096
2002,Appenzell Rh.-Int.,9481.0,3066,3604,59,175,1357,667.0,554
2002,Argovie,130753.0,25414,48078,-1889,15085,23671,4379.0,16015
2002,Berne,178092.0,8999,40180,0,24739,64885,7889.0,31400
2002,Bâle-Campagne,118726.0,47042,21827,1840,9312,23192,2713.0,12800
2002,Bâle-Ville,100953.0,6905,16318,121,10766,36104,5334.0,25405
2002,Espace Mittelland,361027.0,15580,90141,2218,44073,112249,25605.0,71161
2002,Fribourg,52664.0,3997,8642,1446,6242,12093,6183.0,14061
2002,Genève,55602.0,1700,11101,109,3540,18200,4811.0,16141
2002,Glaris,12777.0,1423,1998,520,2163,2433,1464.0,2776
2002,Grisons,228295.0,19607,98927,1728,8928,81263,5988.0,11854
2002,Jura,28670.0,61,9844,104,5221,7120,1527.0,4793
2002,Lucerne,86350.0,0,25378,2670,15811,21284,6402.0,14805
2002,Neuchâtel,44325.0,393,10240,668,1969,16006,7144.0,7905
2002,Nidwald,10610.0,591,1070,29,1204,5216,296.0,2205
2002,Obwald,3912.0,0,262,35,1031,824,372.0,1387
2002,Région lémanique,306733.0,8071,91460,2317,20919,108167,21581.0,54216
2002,Schaffhouse,15974.0,0,1923,45,1466,4464,1546.0,6531
2002,Schwytz,40561.0,1170,14904,3,6923,6848,3351.0,7361
2002,Soleure,57276.0,2130,21235,0,5902,12145,2862.0,13002
2002,St. Gall,124167.0,43403,22227,2831,20022,25196,960.0,9527
2002,Suisse centrale,481696.0,74158,159959,6808,46664,135313,12886.0,45910
2002,Suisse du Nord-Ouest,350432.0,79361,86223,72,35163,82967,12426.0,54220
2002,Tessin,136254.0,29709,56106,6432,2860,30128,7475.0,3545
2002,Thurgovie,51854.0,4816,10898,580,8680,15778,530.0,10572
2002,Total,2043889.0,214677,570242,33258,241655,569459,102217.0,312376
2002,Uri,17836.0,0,3353,57,2449,6932,1408.0,3637
2002,Valais,155606.0,0,67756,1748,8558,49973,9950.0,17620
2002,Vaud,95525.0,6371,12603,460,8821,39994,6820.0,20455
2002,Zentralschweiz,193460.0,4584,51126,6653,28223,48478,14855.0,39540
2002,Zoug,34191.0,2823,6159,3859,805,7374,3026.0,10145
2002,Zurich,214286.0,3215,35226,8762,63752,52157,7390.0,43784
2003,Appenzell Rh.-Ext.,29517.0,720,11838,1200,3423,5832,1972.0,4532
2003,Appenzell Rh.-Int.,5568.0,261,2102,399,210,1379,657.0,560
2003,Argovie,130059.0,22771,40681,-2337,18796,32251,3405.0,14492
2003,Berne,220351.0,8852,64378,0,26152,73468,7079.0,40421
2003,Bâle-Campagne,137895.0,54910,25851,1701,7727,31584,3006.0,13116
2003,Bâle-Ville,97051.0,6010,17014,82,5127,46023,7030.0,15766
2003,Espace Mittelland,424011.0,25152,120444,5953,39274,125756,24015.0,83414
2003,Fribourg,64148.0,7893,13243,1689,5569,15541,5543.0,14670
2003,Genève,65302.0,2989,12362,147,7939,20946,5397.0,15522
2003,Glaris,12280.0,81,4021,59,1573,2534,1144.0,2869
2003,Grisons,236919.0,11905,110196,2029,13303,78266,6268.0,14953
2003,Jura,22500.0,0,6543,38,2055,7757,1483.0,4623
2003,Lucerne,83774.0,264,20486,1566,17786,24753,4172.0,14746
2003,Neuchâtel,44969.0,1998,11459,360,1378,16202,6810.0,6761
2003,Nidwald,12265.0,331,1197,75,1977,5700,669.0,2316
2003,Obwald,6774.0,0,1796,21,985,2269,330.0,1373
2003,Région lémanique,321558.0,27947,70413,4527,19817,121630,24724.0,52501
2003,Schaffhouse,22140.0,0,6668,17,2434,4603,1573.0,6845
2003,Schwytz,49605.0,1137,17229,1,9980,10514,3241.0,7501
2003,Soleure,72043.0,6409,24821,3866,4120,12788,3100.0,16939
2003,St. Gall,139484.0,56601,16397,5281,16467,33906,947.0,9885
2003,Suisse centrale,501868.0,77633,161196,10280,46427,143116,13202.0,50015
2003,Suisse du Nord-Ouest,365005.0,83691,83546,-554,31650,109858,13441.0,43374
2003,Tessin,134495.0,33157,50636,1248,3784,30070,7575.0,8026
2003,Thurgovie,55960.0,8065,9974,1295,9017,16596,641.0,10371
2003,Total,2166955.0,255524,576991,30034,231577,653832,101927.0,317069
2003,Uri,29269.0,883,12105,64,4376,7740,1457.0,2645
2003,Valais,168658.0,22629,50100,3109,10524,51479,12453.0,18364
2003,Vaud,87598.0,2329,7951,1271,1354,49205,6874.0,18615
2003,Zentralschweiz,219413.0,4879,59054,5751,37498,60975,13153.0,38101
2003,Zoug,37726.0,2264,6241,4024,2394,9999,3284.0,9520
2003,Zurich,200606.0,3066,31703,2828,53128,62427,5817.0,41638
2004,Appenzell Rh.-Ext.,38554.0,0,20573,357,2955,8435,1987.0,4246
2004,Appenzell Rh.-Int.,7247.0,552,3166,146,248,1821,744.0,571
2004,Argovie,159071.0,14442,76833,-2960,18697,30891,4471.0,16699
2004,Berne,215610.0,2653,59222,0,27392,77228,7850.0,41265
2004,Bâle-Campagne,117639.0,40484,24597,1437,8410,24943,3956.0,13811
2004,Bâle-Ville,85337.0,3198,11704,308,8307,35569,5236.0,21015
2004,Espace Mittelland,435801.0,13763,128389,6409,42669,135143,24703.0,84724
2004,Fribourg,70455.0,10176,17881,2065,4469,16125,5537.0,14202
2004,Genève,60277.0,2563,10355,11,7166,21298,5241.0,13643
2004,Glaris,9159.0,171,1398,119,1182,2314,1081.0,2894
2004,Grisons,238625.0,47993,82443,1188,11962,74382,4617.0,16041
2004,Jura,21516.0,494,2266,42,4552,8167,1525.0,4469
2004,Lucerne,86448.0,15,26169,2494,14261,23905,4308.0,15297
2004,Neuchâtel,56314.0,215,20322,2430,1304,17692,6720.0,7631
2004,Nidwald,11433.0,435,1045,27,1406,5652,670.0,2199
2004,Obwald,4647.0,0,527,50,1402,951,308.0,1408
2004,Région lémanique,311846.0,4908,82050,9946,24572,117249,23965.0,49155
2004,Schaffhouse,20298.0,0,5483,46,2423,4022,1478.0,6845
2004,Schwytz,52210.0,1511,20806,0,8631,9426,3449.0,8389
2004,Soleure,71906.0,225,28698,1872,4952,15931,3071.0,17157
2004,St. Gall,118558.0,49627,13122,2433,16258,25629,968.0,10520
2004,Suisse centrale,497040.0,109293,142510,4663,44283,133706,11511.0,51073
2004,Suisse du Nord-Ouest,362047.0,58124,113134,-1215,35414,91403,13663.0,51525
2004,Tessin,131887.0,36592,41256,1856,4576,31990,7304.0,8312
2004,Thurgovie,64599.0,10950,16325,374,9255,17103,636.0,9956
2004,Total,2157926.0,232257,606930,34155,230391,623358,100347.0,330486
2004,Uri,18461.0,542,2333,56,4439,6950,1352.0,2790
2004,Valais,168667.0,0,64491,8522,10817,54137,12098.0,18601
2004,Vaud,82902.0,2345,7204,1413,6589,41814,6626.0,16911
2004,Zentralschweiz,214581.0,4475,61888,7907,33466,54053,13289.0,39507
2004,Zoug,41382.0,1972,11008,5280,3327,7169,3202.0,9424
2004,Zurich,204724.0,5101,37704,4588,45413,59814,5913.0,46190
2005,Appenzell Rh.-Ext.,35096.0,0,16025,1044,3529,8363,1876.0,4260
2005,Appenzell Rh.-Int.,6222.0,53,2557,79,130,2004,749.0,648
2005,Argovie,187222.0,25352,85959,1815,22495,28633,4685.0,18283
2005,Berne,263133.0,670,59107,0,66386,81405,8229.0,47336
2005,Bâle-Campagne,109584.0,34507,23317,934,5621,25357,3992.0,15855
2005,Bâle-Ville,104750.0,11096,27309,71,8153,33803,5558.0,18760
2005,Espace Mittelland,516834.0,39034,130379,7155,80901,141956,24958.0,92451
2005,Fribourg,86512.0,30178,9529,1920,5243,18607,5479.0,15556
2005,Genève,61630.0,2739,6434,38,4554,31010,5586.0,11270
2005,Glaris,9796.0,2,2287,15,1075,2367,1098.0,2951
2005,Grisons,232208.0,42003,72638,1488,13751,81018,4150.0,17159
2005,Jura,23207.0,475,3665,218,3893,8943,1558.0,4455
2005,Lucerne,86796.0,0,25668,2478,12856,27160,3978.0,14655
2005,Neuchâtel,55266.0,-73,22528,167,1151,17988,6510.0,6995
2005,Nidwald,12646.0,448,2380,58,962,6016,609.0,2174
2005,Obwald,18148.0,0,10153,0,990,5089,338.0,1578
2005,Région lémanique,322127.0,4426,85127,4929,24669,132234,24390.0,46355
2005,Schaffhouse,16103.0,0,1935,20,1227,4229,1648.0,7046
2005,Schwytz,48347.0,1342,17907,0,5709,9855,2929.0,10605
2005,Soleure,88716.0,7784,35550,4850,4228,15013,3182.0,18109
2005,St. Gall,109361.0,21184,20092,2056,17298,24332,968.0,23430
2005,Suisse centrale,474519.0,72379,128727,6605,46011,143704,10951.0,66139
2005,Suisse du Nord-Ouest,401556.0,70955,136585,2820,36269,87793,14235.0,52898
2005,Tessin,135414.0,51171,33879,3572,4965,26331,7113.0,8382
2005,Thurgovie,65733.0,9137,13193,1903,9001,21391,462.0,10645
2005,Total,2342592.0,266491,637040,38279,283316,663206,100481.0,353783
2005,Uri,23594.0,12,6418,24,5436,7271,1465.0,2969
2005,Valais,177778.0,0,71644,4288,13487,56946,12450.0,18964
2005,Vaud,82719.0,1687,7049,603,6628,44278,6354.0,16121
2005,Zentralschweiz,233422.0,2362,74269,6988,29877,65420,12893.0,41614
2005,Zoug,43891.0,560,11743,4428,3924,10029,3574.0,9633
2005,Zurich,258720.0,26162,48074,6209,60623,65768,5941.0,45944
2006,Appenzell Rh.-Ext.,38334.0,111,20791,573,3409,6942,1863.0,4645
2006,Appenzell Rh.-Int.,7414.0,86,3502,149,204,1922,797.0,753
2006,Argovie,183574.0,23853,71221,403,35293,30576,5126.0,17103
2006,Berne,222887.0,16753,49228,0,39976,59116,8513.0,49301
2006,Bâle-Campagne,107476.0,39614,20457,380,5204,23576,3117.0,15128
2006,Bâle-Ville,128863.0,7326,53662,71,7895,36919,4374.0,18615
2006,Espace Mittelland,507154.0,67275,137177,5997,53971,124099,24726.0,93907
2006,Fribourg,89207.0,12734,26920,782,2015,25256,5513.0,15986
2006,Genève,66572.0,3238,8802,97,3914,32995,5823.0,11703
2006,Glaris,10999.0,0,3629,14,1318,2509,1093.0,2437
2006,Grisons,212318.0,21886,68130,1135,15724,83568,6090.0,15785
2006,Jura,22264.0,574,2895,50,3845,8228,2019.0,4653
2006,Lucerne,90476.0,286,28067,2937,15308,25247,4285.0,14346
2006,Neuchâtel,56643.0,253,24754,568,2604,16380,5834.0,6250
2006,Nidwald,11260.0,90,1620,35,1523,5160,718.0,2113
2006,Obwald,9710.0,2,5084,2,1502,1387,337.0,1395
2006,Région lémanique,329324.0,4655,97662,3230,19827,130327,26212.0,47410
2006,Schaffhouse,22351.0,17,7106,122,1325,5087,1349.0,7346
2006,Schwytz,41590.0,1750,11886,0,6898,7428,3053.0,10576
2006,Soleure,116153.0,36961,33380,4597,5531,15119,2847.0,17717
2006,St. Gall,96691.0,9159,24241,2121,17853,27872,985.0,14460
2006,Suisse centrale,453218.0,35190,140910,7261,49371,147692,12754.0,60042
2006,Suisse du Nord-Ouest,419913.0,70793,145340,854,48392,91071,12617.0,50846
2006,Tessin,146846.0,46905,36853,8431,5332,34209,6934.0,8182
2006,Thurgovie,65111.0,3931,13511,3147,9538,19792,577.0,14616
2006,Total,2371421.0,257463,691843,29721,250067,689732,101667.0,350923
2006,Uri,23124.0,542,7956,33,4314,6385,997.0,2897
2006,Valais,186605.0,0,77458,2643,13162,59219,14858.0,19264
2006,Vaud,76147.0,1417,11402,490,2751,38113,5531.0,16443
2006,Zentralschweiz,221132.0,3590,69748,3488,33537,56375,13179.0,41215
2006,Zoug,44972.0,920,15135,481,3992,10768,3789.0,9888
2006,Zurich,293833.0,29056,64154,460,39638,105959,5246.0,49321
2007,Appenzell Rh.-Ext.,34612.0,0,17900,460,3237,6638,1947.0,4430
2007,Appenzell Rh.-Int.,7115.0,597,2962,51,186,1845,734.0,739
2007,Argovie,182604.0,16553,80329,3659,27560,33362,4841.0,16300
2007,Berne,222062.0,19179,50389,0,33014,60638,9483.0,49359
2007,Bâle-Campagne,105064.0,32894,22158,596,5411,24542,2843.0,16620
2007,Bâle-Ville,115341.0,13029,27183,48,7760,36435,6389.0,24497
2007,Espace Mittelland,566284.0,73443,177367,20907,54191,122615,26568.0,91192
2007,Fribourg,117915.0,10386,54615,1701,6796,22996,5546.0,15874
2007,Genève,66961.0,2858,3915,136,9344,22964,9795.0,17949
2007,Glaris,11427.0,0,3888,163,1051,2439,1134.0,2752
2007,Grisons,189665.0,8117,51007,1820,17203,83303,10938.0,17277
2007,Jura,24767.0,16,5980,175,4567,7826,1670.0,4533
2007,Lucerne,110651.0,518,43710,5219,15242,26631,4743.0,14588
2007,Neuchâtel,56959.0,0,26725,251,2750,13970,7081.0,6182
2007,Nidwald,10792.0,36,1542,116,926,5552,601.0,2019
2007,Obwald,9835.0,4,5545,60,1011,1486,342.0,1387
2007,Région lémanique,341401.0,3803,104921,4849,25541,119134,28591.0,54561
2007,Schaffhouse,32157.0,10,17386,40,1279,4423,1483.0,7536
2007,Schwytz,42603.0,1542,12332,0,6567,8201,3751.0,10211
2007,Soleure,144581.0,43862,39658,18780,7064,17185,2788.0,15244
2007,St. Gall,89558.0,7303,19471,57,20408,25377,950.0,15992
2007,Suisse centrale,440497.0,23445,131039,2456,53228,151416,17911.0,61001
2007,Suisse du Nord-Ouest,403009.0,62476,129670,4303,40731,94339,14073.0,57417
2007,Tessin,145878.0,58085,36907,3694,3557,27607,7533.0,8495
2007,Thurgovie,75963.0,7418,18425,-135,9864,27391,725.0,12275
2007,Total,2374502.0,254693,682975,43480,283296,633292,114793.0,361971
2007,Uri,23125.0,570,7653,11,4267,6367,1384.0,2874
2007,Valais,199946.0,0,91827,3799,12747,58916,12899.0,19758
2007,Vaud,74494.0,945,9179,914,3450,37254,5897.0,16854
2007,Zentralschweiz,246584.0,16081,80405,6138,32299,56190,14666.0,40808
2007,Zoug,49578.0,13411,9623,732,4286,7953,3845.0,9729
2007,Zurich,230849.0,17363,22665,1132,73751,61991,5450.0,48497
2008,Appenzell Rh.-Ext.,39967.0,0,20130,1801,4467,6824,1956.0,4788
2008,Appenzell Rh.-Int.,8350.0,335,3516,232,284,2477,757.0,751
2008,Argovie,206100.0,37327,91506,588,25396,31157,4087.0,16039
2008,Berne,267976.0,21024,54585,0,35756,69461,9750.0,77400
2008,Bâle-Campagne,119497.0,41223,27787,1676,6186,21877,3454.0,17295
2008,Bâle-Ville,123517.0,11064,35985,1,7500,37558,6447.0,24962
2008,Espace Mittelland,631918.0,81432,177529,28519,58170,133710,26565.0,125993
2008,Fribourg,138870.0,12719,69795,559,6474,22492,5847.0,20984
2008,Genève,72204.0,4153,6288,3,11602,24876,9622.0,15660
2008,Glaris,11679.0,0,3925,32,1341,2410,1172.0,2798
2008,Grisons,219812.0,12872,64170,1110,19755,93274,13141.0,15490
2008,Jura,22392.0,666,3457,83,4024,7841,1662.0,4659
2008,Lucerne,107965.0,650,45051,5023,11084,24932,4414.0,16811
2008,Neuchâtel,48793.0,265,16190,198,2219,16995,6195.0,6731
2008,Nidwald,11230.0,33,1456,55,1707,5035,915.0,2029
2008,Obwald,8065.0,16,3894,28,957,1384,396.0,1391
2008,Région lémanique,362575.0,8919,92691,13038,32088,128661,33329.0,53850
2008,Schaffhouse,28999.0,5,13443,97,1515,4884,1437.0,7617
2008,Schwytz,51965.0,1087,19299,0,7352,9986,3829.0,10412
2008,Soleure,153887.0,46758,33502,27679,9697,16921,3111.0,16219
2008,St. Gall,95674.0,3262,23051,3243,22096,26526,1436.0,16059
2008,Suisse centrale,477043.0,19806,154298,6934,60359,156231,20417.0,58996
2008,Suisse du Nord-Ouest,449114.0,89614,155278,2265,39082,90592,13988.0,58296
2008,Tessin,166115.0,65486,44049,-1360,3475,35849,7967.0,10649
2008,Thurgovie,72562.0,3332,26063,419,10901,19836,518.0,11493
2008,Total,2605364.0,308457,762790,58094,292450,665296,122303.0,395976
2008,Uri,24036.0,388,8301,33,3976,7142,1227.0,2970
2008,Valais,204643.0,0,80824,12912,13582,61048,15145.0,21132
2008,Vaud,85728.0,4766,5579,123,6904,42737,8562.0,17058
2008,Zentralschweiz,270160.0,30301,90375,5926,28507,57554,14223.0,43276
2008,Zoug,66899.0,28127,12374,787,3431,9075,3442.0,9663
2008,Zurich,248439.0,12900,48571,2770,70767,62699,5814.0,44916
2009,Appenzell Rh.-Ext.,39067.0,206,17523,1047,5513,7215,2028.0,5535
2009,Appenzell Rh.-Int.,10183.0,341,5084,84,662,2450,809.0,753
2009,Argovie,202830.0,27559,89013,1774,27313,35221,5329.0,16621
2009,Berne,314367.0,23739,63097,0,61488,73446,9927.0,82670
2009,Bâle-Campagne,141767.0,60373,30274,1220,6505,22430,2852.0,18113
2009,Bâle-Ville,130179.0,6692,29916,22,10002,46988,8093.0,28467
2009,Espace Mittelland,616707.0,70253,147638,9140,87718,145594,27179.0,129185
2009,Fribourg,102132.0,7808,32470,1096,11877,25137,6023.0,17722
2009,Genève,90725.0,3424,1795,0,17708,43036,9594.0,15168
2009,Glaris,10502.0,0,1650,32,1935,2942,1185.0,2758
2009,Grisons,233669.0,19207,60949,1268,21716,101611,14023.0,14895
2009,Jura,24280.0,303,5743,106,2125,9545,1646.0,4812
2009,Lucerne,108485.0,809,43667,4660,9958,28555,3745.0,17092
2009,Neuchâtel,42297.0,0,7993,132,1978,20107,6556.0,5531
2009,Nidwald,10246.0,97,289,131,1670,3896,1610.0,2552
2009,Obwald,6340.0,8,1457,13,1057,2169,392.0,1245
2009,Région lémanique,397699.0,5332,110378,5420,37928,148127,35893.0,54621
2009,Schaffhouse,22112.0,23,5393,8,2417,4845,1438.0,7987
2009,Schwytz,60375.0,2663,22231,0,6934,12074,4246.0,12226
2009,Soleure,133631.0,38403,38335,7806,10250,17359,3027.0,18450
2009,St. Gall,94822.0,3403,24929,1359,22337,24867,1460.0,16468
2009,Suisse centrale,482448.0,29974,136614,5245,64619,161981,21431.0,62584
2009,Suisse du Nord-Ouest,474776.0,94624,149203,3016,43820,104639,16274.0,63201
2009,Tessin,178847.0,66956,47561,2930,6207,35503,8889.0,10802
2009,Thurgovie,72093.0,6794,21086,1447,10039,18051,488.0,14188
2009,Total,2689912.0,300148,732118,36460,340547,736836,133717.0,410085
2009,Uri,25711.0,704,6162,71,5912,7827,1942.0,3092
2009,Valais,214042.0,0,92941,4178,16474,62922,15902.0,21625
2009,Vaud,92932.0,1908,15642,1242,3746,42169,10397.0,17828
2009,Zentralschweiz,279913.0,26398,87988,8121,30323,64849,16206.0,46026
2009,Zoug,68756.0,22117,14182,3246,4792,10328,4271.0,9819
2009,Zurich,259522.0,6612,52736,2588,69931,76143,7846.0,43666
2010,Appenzell Rh.-Ext.,40171.0,0,18296,1004,4717,8227,1958.0,5969
2010,Appenzell Rh.-Int.,7978.0,411,3367,73,273,2213,798.0,844
2010,Argovie,204488.0,21717,95444,853,30207,34376,5943.0,15948
2010,Berne,302162.0,14851,43462,0,68260,77110,10153.0,88326
2010,Bâle-Campagne,144648.0,72344,16139,457,7415,27324,2195.0,18774
2010,Bâle-Ville,130472.0,4179,27759,5,8140,55652,14100.0,20637
2010,Espace Mittelland,614467.0,76856,128319,241,96526,150981,27665.0,133880
2010,Fribourg,105712.0,9183,38783,573,11454,23047,6079.0,16593
2010,Genève,98683.0,620,9349,5,23021,39841,10237.0,15610
2010,Glaris,14851.0,0,4374,0,3196,3324,1237.0,2720
2010,Grisons,250616.0,12895,65271,1338,26695,114809,14650.0,14958
2010,Jura,25743.0,53,5232,35,4024,9320,1715.0,5365
2010,Lucerne,120668.0,960,48522,4738,10964,29476,4141.0,21867
2010,Neuchâtel,43997.0,1134,9980,17,1234,18722,6732.0,6178
2010,Nidwald,11039.0,70,1467,17,2037,2912,1119.0,3416
2010,Obwald,5751.0,0,522,9,1450,2118,380.0,1271
2010,Région lémanique,431039.0,11589,128964,6529,41297,149041,38130.0,55489
2010,Schaffhouse,23042.0,406,5710,7,1905,5472,1517.0,8025
2010,Schwytz,72164.0,4475,29450,0,7410,11670,4448.0,14711
2010,Soleure,136853.0,51635,30862,-384,11554,22782,2986.0,17418
2010,St. Gall,102780.0,4540,26284,2460,26268,24565,1451.0,17212
2010,Suisse centrale,509093.0,21433,137756,10586,74485,178724,21902.0,64208
2010,Suisse du Nord-Ouest,479608.0,98240,139342,1315,45762,117352,22238.0,55359
2010,Tessin,165393.0,64192,40607,581,5950,32959,9117.0,11987
2010,Thurgovie,69655.0,3181,14454,5704,11431,20114,291.0,14480
2010,Total,2757901.0,299059,733159,27417,367704,766136,143454.0,420975
2010,Uri,25008.0,818,4217,106,6895,8000,1886.0,3086
2010,Valais,218801.0,0,99534,4388,13278,62728,16897.0,21976
2010,Vaud,113555.0,10969,20081,2136,4998,46472,10996.0,17903
2010,Zentralschweiz,298031.0,20963,103231,5626,33924,63130,17016.0,54139
2010,Zoug,63401.0,14640,19053,756,5168,8954,5042.0,9788
2010,Zurich,260272.0,5786,54940,2539,69759,73949,7386.0,45913
2011,Appenzell Rh.-Ext.,38721.0,14,18023,767,4995,7190,1909.0,5822
2011,Appenzell Rh.-Int.,9713.0,300,5588,88,297,1771,827.0,843
2011,Argovie,185376.0,6399,87332,1305,36880,30316,5817.0,17328
2011,Berne,308570.0,13374,39631,0,75386,78977,10141.0,91062
2011,Bâle-Campagne,159995.0,59164,42587,309,6469,29660,2658.0,19149
2011,Bâle-Ville,121857.0,4269,23191,23,8783,51282,14672.0,19637
2011,Espace Mittelland,625185.0,91411,104880,189,106856,156635,28864.0,136351
2011,Fribourg,103290.0,28726,16272,-33,11205,23475,6441.0,17204
2011,Genève,117753.0,24450,2490,151,16972,46546,12230.0,14914
2011,Glaris,15602.0,921,3153,0,3712,4163,840.0,2812
2011,Grisons,247126.0,6270,72021,1009,23787,115480,14396.0,14162
2011,Jura,34267.0,0,6879,37,5676,15100,1669.0,4906
2011,Lucerne,117810.0,290,43937,4475,9863,28565,5599.0,25080
2011,Neuchâtel,51072.0,1279,13892,0,3105,19656,7077.0,6063
2011,Nidwald,11625.0,92,1802,137,1663,2656,1669.0,3605
2011,Obwald,5944.0,0,613,11,1514,2031,386.0,1390
2011,Région lémanique,454651.0,50054,116046,2352,33479,156703,38316.0,57701
2011,Schaffhouse,36054.0,0,18653,2,1953,5095,1963.0,8388
2011,Schwytz,63492.0,3568,18877,0,9479,10262,4019.0,17286
2011,Soleure,127986.0,48032,28206,185,11484,19427,3536.0,17116
2011,St. Gall,109549.0,11076,30354,2423,23623,23057,1440.0,17576
2011,Suisse centrale,541484.0,24341,173059,10983,68858,178274,21887.0,64080
2011,Suisse du Nord-Ouest,467228.0,69832,153110,1637,52132,111258,23147.0,56114
2011,Tessin,166988.0,68130,41927,-686,5775,32829,9078.0,9935
2011,Thurgovie,84719.0,5760,25267,6694,10491,21518,512.0,14477
2011,Total,2817573.0,320953,735612,26348,386963,769005,146898.0,431796
2011,Uri,28363.0,362,4820,99,9693,7957,2415.0,3017
2011,Valais,192463.0,0,78455,1156,13437,61565,14779.0,23071
2011,Vaud,144435.0,25604,35101,1045,3070,48592,11307.0,19716
2011,Zentralschweiz,286693.0,11060,90555,8106,37434,59913,17915.0,61708
2011,Zoug,59459.0,6748,20506,3384,5222,8442,3827.0,11330
2011,Zurich,275346.0,6124,56034,3768,82429,73393,7692.0,45907
2012,Appenzell Rh.-Ext.,38002.0,30,16929,650,3009,10067,2078.0,5239
2012,Appenzell Rh.-Int.,8680.0,185,4099,14,394,2300,846.0,842
2012,Argovie,181995.0,7373,84021,2052,35088,31087,6508.0,15866
2012,Berne,297352.0,15937,45057,0,67958,71533,10181.0,86686
2012,Bâle-Campagne,182742.0,86220,35532,486,7614,30991,2589.0,19309
2012,Bâle-Ville,130143.0,4836,24727,0,8369,56904,15455.0,19852
2012,Espace Mittelland,587794.0,66325,118080,890,99346,142263,28242.0,132647
2012,Fribourg,105285.0,22323,25880,842,12349,20184,5772.0,17934
2012,Genève,108432.0,37955,1655,1370,6329,38829,6546.0,15748
2012,Glaris,15892.0,2132,2737,115,3029,4229,807.0,2843
2012,Grisons,263727.0,11918,63061,1596,26853,132521,13968.0,13810
2012,Jura,25926.0,0,3601,55,5798,9625,1898.0,4949
2012,Lucerne,100235.0,170,27136,1314,6747,34171,5128.0,25569
2012,Neuchâtel,46017.0,2003,10549,0,2617,17174,7712.0,5962
2012,Nidwald,11610.0,275,1143,49,2191,2656,1735.0,3560
2012,Obwald,6417.0,0,1027,9,1402,2267,394.0,1319
2012,Région lémanique,441240.0,78627,81316,4034,27792,157923,33777.0,57771
2012,Schaffhouse,28532.0,4819,6416,9,1760,4933,2016.0,8578
2012,Schwytz,81093.0,2357,36212,0,9143,15868,4322.0,13191
2012,Soleure,113214.0,26062,32993,-7,10624,23747,2679.0,17116
2012,St. Gall,112486.0,6746,31762,2673,26828,24761,1255.0,18461
2012,Suisse centrale,566702.0,41145,150560,16244,72834,200031,21474.0,64414
2012,Suisse du Nord-Ouest,494880.0,98429,144280,2538,51071,118982,24552.0,55027
2012,Tessin,161297.0,48728,47628,3746,5861,35231,9928.0,10175
2012,Thurgovie,99383.0,15315,25556,11187,10961,21220,504.0,14641
2012,Total,2834254.0,360447,690163,33251,369596,802882,149330.0,428581
2012,Uri,31355.0,151,6426,652,5746,12866,2558.0,2957
2012,Valais,196995.0,24896,40738,2635,18624,71387,15453.0,23262
2012,Vaud,135813.0,15776,38923,29,2839,47707,11778.0,18761
2012,Zentralschweiz,295587.0,21682,79362,2871,33852,78240,18849.0,60733
2012,Zoug,64877.0,18729,7418,847,8623,10412,4712.0,14137
2012,Zurich,286755.0,5511,68939,2928,78842,70212,12509.0,47814
2013,Appenzell Rh.-Ext.,34604.0,112,13917,336,2006,11031,1821.0,5381
2013,Appenzell Rh.-Int.,7887.0,45,3839,70,265,1984,840.0,844
2013,Argovie,182347.0,10363,69522,3622,32923,41526,8525.0,15865
2013,Berne,272681.0,13615,50878,0,53069,65309,9739.0,80071
2013,Bâle-Campagne,185109.0,83775,37483,310,8384,30486,2793.0,21877
2013,Bâle-Ville,132824.0,4581,29420,0,8473,61233,8309.0,20808
2013,Espace Mittelland,563148.0,90949,101045,672,77765,136818,27884.0,128014
2013,Fribourg,104505.0,43617,5885,1216,8668,20805,5867.0,18447
2013,Genève,132368.0,39220,18479,358,4793,47235,6388.0,15894
2013,Glaris,15604.0,1857,2739,22,2259,4768,749.0,3210
2013,Grisons,285380.0,14421,76767,2464,26887,134381,16340.0,14122
2013,Jura,28779.0,22,6092,92,5990,9665,2012.0,4906
2013,Lucerne,114061.0,350,33329,8724,10963,33204,5519.0,21973
2013,Neuchâtel,51807.0,12829,7786,0,1197,16875,7323.0,5796
2013,Nidwald,13529.0,53,1677,728,1542,4021,1664.0,3844
2013,Obwald,7621.0,410,1162,12,1638,2569,398.0,1432
2013,Région lémanique,457152.0,74972,96769,7093,26958,158790,33078.0,59491
2013,Schaffhouse,24150.0,3659,3662,115,1794,5061,1520.0,8338
2013,Schwytz,75888.0,4539,36091,6,7203,10478,4248.0,13323
2013,Soleure,105376.0,20866,30404,-636,8841,24164,2943.0,18794
2013,St. Gall,124627.0,22748,25731,2951,28902,25948,1367.0,16981
2013,Suisse centrale,586145.0,55696,155100,13192,74411,201308,23037.0,63404
2013,Suisse du Nord-Ouest,500280.0,98719,136425,3932,49780,133245,19627.0,58550
2013,Tessin,138814.0,29958,46237,-168,5082,37582,9796.0,10326
2013,Thurgovie,93893.0,12854,28445,7234,12298,18135,400.0,14528
2013,Total,2851000.0,391709,672721,43299,343547,823426,151206.0,425092
2013,Uri,24513.0,86,4411,212,5673,8909,2269.0,2955
2013,Valais,186896.0,25026,37389,6495,14249,64766,14864.0,24107
2013,Vaud,137888.0,10726,40901,240,7916,46789,11826.0,19490
2013,Zentralschweiz,299036.0,21265,81781,14119,34814,70735,19026.0,57299
2013,Zoug,63424.0,15827,5111,4437,7795,11554,4928.0,13772
2013,Zurich,306425.0,20150,55364,4460,74738,84948,18756.0,48008
2014,Appenzell Rh.-Ext.,32271.0,14,15455,649,2001,7054,1578.0,5520
2014,Appenzell Rh.-Int.,9155.0,1313,3904,0,123,2127,826.0,862
2014,Argovie,200745.0,11079,95426,4641,31131,34634,8625.0,15210
2014,Berne,285433.0,37517,56653,0,34508,63768,9627.0,83360
2014,Bâle-Campagne,125827.0,34159,27938,661,8118,31749,2371.0,20831
2014,Bâle-Ville,148329.0,5973,45775,6,8994,57915,8354.0,21312
2014,Espace Mittelland,543918.0,69275,121162,1677,61396,130548,26975.0,132882
2014,Fribourg,98994.0,17487,26515,1412,8480,20446,5998.0,18656
2014,Genève,89857.0,15932,13640,72,3320,34111,5553.0,17228
2014,Glaris,15192.0,391,4596,-47,2291,4183,865.0,2913
2014,Grisons,276545.0,13922,75700,2411,24843,128943,16478.0,14248
2014,Jura,25863.0,30,3594,95,6198,9243,1900.0,4802
2014,Lucerne,137871.0,512,64978,3441,12333,30324,5116.0,21167
2014,Neuchâtel,47864.0,7071,7110,15,2371,17110,6678.0,7509
2014,Nidwald,14280.0,24,3621,111,2387,2748,1400.0,3989
2014,Obwald,7748.0,29,1872,21,1488,2221,443.0,1674
2014,Région lémanique,400658.0,43911,98469,5490,22026,138355,30447.0,61960
2014,Schaffhouse,21405.0,4772,420,61,1654,4038,1845.0,8616
2014,Schwytz,93663.0,13944,42133,6,11270,9114,3874.0,13323
2014,Soleure,85765.0,7170,27290,156,9840,19981,2773.0,18555
2014,St. Gall,128344.0,32095,18620,6929,26063,24489,1366.0,18783
2014,Suisse centrale,566743.0,60052,145070,15334,69616,187413,23451.0,65808
2014,Suisse du Nord-Ouest,474901.0,51211,169139,5307,48243,124298,19350.0,57353
2014,Tessin,141610.0,33901,44301,1407,5157,36289,10175.0,10380
2014,Thurgovie,83830.0,7545,26375,5332,12641,16579,492.0,14866
2014,Total,2797788.0,309948,772440,36639,329907,767738,146642.0,434471
2014,Uri,28722.0,238,8842,703,5348,8157,2369.0,3064
2014,Valais,179944.0,25789,37893,4947,11568,60452,14700.0,24595
2014,Vaud,130857.0,2190,46936,470,7138,43792,10194.0,20137
2014,Zentralschweiz,347134.0,28622,129737,5422,40873,65704,18878.0,57896
2014,Zoug,64850.0,13876,8292,1140,8047,13140,5675.0,14679
2014,Zurich,322824.0,22975,64561,2003,82596,85131,17366.0,48192
2015,Appenzell Rh.-Ext.,37486.0,0,19493,574,2615,7334,1633.0,5838
2015,Appenzell Rh.-Int.,6007.0,485,1789,6,21,1978,876.0,853
2015,Argovie,234717.0,8119,123036,10194,35430,31821,8820.0,17298
2015,Berne,303208.0,36937,63120,0,39936,67393,9749.0,86074
2015,Bâle-Campagne,124665.0,18628,46854,1564,8990,25793,2362.0,20475
2015,Bâle-Ville,142469.0,6896,28618,0,10043,65929,8854.0,22129
2015,Espace Mittelland,551472.0,68887,118649,1130,62257,137707,25378.0,137463
2015,Fribourg,95394.0,25461,13427,800,8087,22475,5748.0,19396
2015,Genève,86045.0,12838,11822,4252,4208,31216,5853.0,15854
2015,Glaris,15643.0,91,5612,73,2143,3741,989.0,2995
2015,Grisons,280701.0,6871,95649,1560,27238,118282,16751.0,14350
2015,Jura,22870.0,7,2901,1,4374,8874,1820.0,4894
2015,Lucerne,125335.0,76,55109,2789,13142,29694,4887.0,19638
2015,Neuchâtel,43216.0,1951,7707,0,2232,18700,5223.0,7403
2015,Nidwald,17065.0,0,4967,77,1936,2632,1854.0,5599
2015,Obwald,9375.0,0,495,560,1568,4569,426.0,1757
2015,Région lémanique,413843.0,39014,112342,6473,26514,137313,30200.0,61987
2015,Schaffhouse,17234.0,332,1558,27,1164,3969,1813.0,8372
2015,Schwytz,84383.0,19193,30931,5,7024,11781,4465.0,10983
2015,Soleure,86783.0,4531,31494,329,7628,20266,2838.0,19697
2015,St. Gall,138626.0,36616,25601,4244,27552,25348,1084.0,18182
2015,Suisse centrale,565297.0,47290,172064,6043,70913,178826,24590.0,65572
2015,Suisse du Nord-Ouest,501851.0,33643,198508,11758,54462,123542,20036.0,59902
2015,Tessin,161444.0,29956,54816,1127,7152,48142,9974.0,10276
2015,Thurgovie,69599.0,2895,22362,-441,10181,18176,1444.0,14982
2015,Total,2844952.0,268687,837392,32411,346726,772988,147696.0,439051
2015,Uri,23888.0,120,4469,122,4871,8904,2317.0,3085
2015,Valais,168324.0,15329,37699,1458,12581,60513,15505.0,25239
2015,Vaud,159474.0,10847,62821,763,9724,45584,8842.0,20893
2015,Zentralschweiz,314060.0,27237,105557,3626,35143,68049,18926.0,55521
2015,Zoug,54015.0,7848,9586,74,6602,10470,4977.0,14459
2015,Zurich,336984.0,22661,75455,2254,90284,79408,18592.0,48330
