annee,canton,Total,Constructions,Améliorations,Acquisition,Entretien Construction,Entretien Exploitation,Administration,Surveillance Policiere,Depense_habitants
1994,Appenzell Rh.-Ext.,13832.0,12,2344,74,1860,8949,593.0,0,256
1994,Appenzell Rh.-Int.,3530.0,98,1408,9,443,1316,167.0,88,246
1994,Argovie,97834.0,2824,27572,1533,13132,41778,6707.0,4288,188
1994,Berne,282785.0,1247,54929,3422,33165,138187,22126.0,29709,297
1994,Bâle-Campagne,61547.0,2108,15652,368,3945,33081,5754.0,639,247
1994,Bâle-Ville   2),5625.0,52,1110,24,456,3256,728.0,0,266
1994,Espace Mittelland,476041.0,11141,113641,7299,51502,220460,32591.0,39407,290
1994,Fribourg,54708.0,285,21841,665,6281,21469,3343.0,823,245
1994,Genève,135230.0,8067,28768,502,14844,64337,3047.0,15665,345
1994,Glaris,7193.0,37,1982,97,897,3853,326.0,0,186
1994,Grisons,89179.0,993,22712,1325,10845,46677,3186.0,3440,475
1994,Jura,20847.0,3752,6461,28,1380,7138,979.0,1109,309
1994,Lucerne,76808.0,2513,21495,488,11100,31400,4955.0,4856,228
1994,Neuchâtel,53021.0,403,7150,28,4763,31010,3458.0,6210,319
1994,Nidwald,8082.0,0,1450,105,416,5847,264.0,0,231
1994,Obwald,10197.0,34,3282,233,2187,3916,513.0,31,329
1994,Région lémanique,439427.0,25261,105086,5447,44664,203642,18541.0,36786,349
1994,Saint-Gall,160502.0,5459,49100,3881,28291,62442,8359.0,2970,365
1994,Schaffhouse,22564.0,131,7250,302,2654,8557,1139.0,2532,307
1994,Schwytz,29888.0,1151,10563,255,4733,11446,1709.0,32,250
1994,Soleure,64680.0,5454,23260,3156,5913,22656,2685.0,1556,274
1994,Suisse centrale,147403.0,4330,41217,1418,21632,63916,8578.0,6311,227
1994,Suisse du Nord-Ouest,165006.0,4984,44334,1925,17533,78115,13189.0,4927,209
1994,Suisse orientale,355574.0,7877,109144,8063,54352,149636,16917.0,9584,344
1994,Tessin,89310.0,11714,14115,2202,9538,39450,4881.0,7410,316
1994,Thurgovie,58774.0,1147,24348,2375,9362,17842,3147.0,554,266
1994,Total,2051175.0,75792,517373,33718,223686,930657,122499.0,147453,300
1994,Uri,3115.0,45,699,42,580,1526,222.0,0,89
1994,Valais,93699.0,10183,20377,3822,8882,40457,6692.0,3286,368
1994,Vaud,210498.0,7011,55941,1123,20938,98848,8802.0,17835,345
1994,Zoug,19313.0,587,3728,295,2616,9781,915.0,1392,215
1994,Zurich,378414.0,10483,89836,7364,24466,175438,27800.0,43028,320
1995,Appenzell Rh.-Ext.,12411.0,12,2035,62,1936,7708,658.0,0,230
1995,Appenzell Rh.-Int.,3866.0,142,1292,170,452,1515,182.0,112,269
1995,Argovie,81181.0,2354,25004,1542,10878,32960,5277.0,3166,155
1995,Berne,283955.0,2556,54519,2840,32087,136582,23852.0,31519,298
1995,Bâle-Campagne,66690.0,2284,15348,1132,5501,35697,5973.0,757,267
1995,Bâle-Ville   2),4966.0,0,843,78,331,3034,680.0,0,232
1995,Espace Mittelland,485716.0,18312,105418,10031,50538,225143,34784.0,41490,294
1995,Fribourg,66914.0,6744,24358,1783,5693,24403,3271.0,662,296
1995,Genève,129194.0,8505,21725,2469,13726,66442,2972.0,13357,326
1995,Glaris,7346.0,361,2357,103,837,3416,272.0,0,190
1995,Grisons,74499.0,447,16762,1490,10057,39485,3278.0,2980,394
1995,Jura,13816.0,961,2127,39,1150,7518,985.0,1036,204
1995,Lucerne,87605.0,2453,25843,6045,11038,32151,4993.0,5081,258
1995,Neuchâtel,57969.0,2628,6063,261,5302,33118,3901.0,6696,350
1995,Nidwald,5768.0,0,1801,87,547,3070,262.0,0,163
1995,Obwald,10991.0,15,4163,343,1729,4221,487.0,31,351
1995,Région lémanique,409581.0,18268,74288,4487,45536,215761,16605.0,34639,323
1995,Saint-Gall,165730.0,6961,49719,3646,27180,66292,8121.0,3812,375
1995,Schaffhouse,22490.0,285,5536,239,1763,10723,1600.0,2344,305
1995,Schwytz,24946.0,398,4785,134,5192,12497,1905.0,35,206
1995,Soleure,63062.0,5423,18351,5108,6306,23522,2775.0,1577,266
1995,Suisse centrale,153235.0,4908,40704,6978,22179,63102,8760.0,6600,234
1995,Suisse du Nord-Ouest,152837.0,4638,41195,2752,16710,71691,11930.0,3923,192
1995,Suisse orientale,344578.0,12750,99423,7224,49097,148532,17722.0,9830,330
1995,Tessin,79008.0,8612,11693,3476,7269,36185,4266.0,7506,276
1995,Thurgovie,58236.0,4542,21722,1514,6872,19393,3611.0,582,252
1995,Total,1993235.0,76697,452640,41209,219686,932401,120583.0,150023,290
1995,Uri,3349.0,386,545,125,467,1607,219.0,0,95
1995,Valais,67446.0,4721,17469,1686,6272,30688,4114.0,2496,263
1995,Vaud,212941.0,5042,35094,332,25538,118631,9519.0,18786,346
1995,Zoug,20576.0,1656,3567,244,3206,9556,894.0,1453,225
1995,Zurich,368281.0,9207,79917,6261,28358,171987,26516.0,46035,310
1996,Appenzell Rh.-Ext.,12299.0,8,2016,63,1918,7638,656.0,0,228
1996,Appenzell Rh.-Int.,4274.0,92,1494,188,500,1676,201.0,124,296
1996,Argovie,80651.0,2345,24841,1557,10783,32730,5249.0,3147,152
1996,Berne,287752.0,2602,55275,2922,32470,138443,24108.0,31932,303
1996,Bâle-Campagne,66647.0,1832,14948,576,4881,37450,6229.0,730,265
1996,Bâle-Ville   2),5388.0,23,910,39,446,3286,683.0,0,249
1996,Espace Mittelland,500205.0,14773,113735,10124,52290,231845,35627.0,41809,303
1996,Fribourg,70926.0,3885,25720,1318,6620,28541,3905.0,936,310
1996,Genève,116377.0,5544,23711,885,21441,49204,2752.0,12839,294
1996,Glaris,10876.0,375,3651,156,1242,5048,406.0,0,282
1996,Grisons,88498.0,505,19929,1789,11955,46891,3873.0,3556,468
1996,Jura,15905.0,1235,4346,40,1135,7225,929.0,995,235
1996,Lucerne,93080.0,2607,27524,6396,11717,34128,5308.0,5400,273
1996,Neuchâtel,55435.0,1005,7971,173,5057,31468,3589.0,6171,334
1996,Nidwald,7140.0,0,1616,122,497,4640,265.0,0,199
1996,Obwald,13260.0,270,5238,307,2135,4705,569.0,37,422
1996,Région lémanique,420101.0,15146,99522,3658,52788,197108,17067.0,34811,331
1996,Saint-Gall,165806.0,6975,49728,3625,27236,66348,8081.0,3813,374
1996,Schaffhouse,24583.0,344,7233,299,2663,9999,1413.0,2633,334
1996,Schwytz,24365.0,1026,7497,191,4179,9905,1536.0,30,199
1996,Soleure,70187.0,6046,20423,5671,7008,26168,3096.0,1775,294
1996,Suisse centrale,165132.0,5009,46884,7272,22688,67027,9016.0,7237,251
1996,Suisse du Nord-Ouest,152686.0,4200,40699,2172,16110,73466,12161.0,3877,190
1996,Suisse orientale,369880.0,13257,107755,7774,53003,158751,18560.0,10784,357
1996,Tessin,83411.0,9097,12340,3659,7673,38220,4518.0,7903,291
1996,Thurgovie,63544.0,4958,23704,1654,7489,21151,3930.0,658,283
1996,Total,2058297.0,70707,500446,40911,232912,937816,123372.0,152133,298
1996,Uri,3883.0,192,806,66,631,1932,257.0,0,111
1996,Valais,68850.0,4843,17818,1725,6381,31337,4200.0,2546,267
1996,Vaud,234874.0,4759,57993,1048,24966,116567,10115.0,19426,381
1996,Zoug,23404.0,914,4203,190,3529,11717,1081.0,1770,251
1996,Zurich,366884.0,9224,79511,6253,28363,171399,26422.0,45712,307
1997,Appenzell Rh.-Ext.,11513.0,7,1888,59,1795,7151,614.0,0,215
1997,Appenzell Rh.-Int.,4771.0,103,1667,210,558,1916,224.0,93,330
1997,Argovie,84725.0,2463,26096,1635,11327,32878,5514.0,4810,160
1997,Berne,300488.0,24218,53953,1598,29360,142407,17361.0,31591,317
1997,Bâle-Campagne,64157.0,1764,14389,555,4698,35963,5997.0,791,254
1997,Bâle-Ville   2),5829.0,24,985,42,483,3556,739.0,0,269
1997,Espace Mittelland,511898.0,36572,112427,9462,49269,235356,28684.0,40129,310
1997,Fribourg,69015.0,3781,25027,1283,6442,27653,3800.0,1029,299
1997,Genève,113676.0,5415,23161,865,20943,47415,2688.0,13188,285
1997,Glaris,8018.0,276,2691,115,915,3722,299.0,0,211
1997,Grisons,93888.0,536,21143,1898,12683,49651,4108.0,3869,500
1997,Jura,10298.0,799,2814,26,735,4408,602.0,914,153
1997,Lucerne,94742.0,2653,28016,6510,11926,35558,5403.0,4676,278
1997,Neuchâtel,53022.0,962,7624,166,4837,31002,3433.0,4998,320
1997,Nidwald,5292.0,0,1198,90,369,3439,196.0,0,146
1997,Obwald,16650.0,339,6577,385,2681,5918,714.0,36,528
1997,Région lémanique,430040.0,15908,102244,3955,53461,199081,17775.0,37615,338
1997,Saint-Gall,147794.0,6217,44326,3231,24278,57400,7203.0,5139,333
1997,Schaffhouse,20371.0,285,5993,248,2206,8011,1171.0,2457,278
1997,Schwytz,28344.0,1194,8722,222,4861,11504,1787.0,54,229
1997,Soleure,79075.0,6812,23009,6389,7895,29886,3488.0,1597,330
1997,Suisse centrale,171594.0,5267,49403,7460,23893,69896,9413.0,6262,259
1997,Suisse du Nord-Ouest,154711.0,4251,41470,2232,16508,72397,12250.0,5601,192
1997,Suisse orientale,347231.0,12174,100417,7346,49609,148105,17384.0,12197,335
1997,Tessin,83934.0,9155,12417,3682,7721,38186,4546.0,8227,293
1997,Thurgovie,60876.0,4750,22709,1585,7174,20254,3765.0,639,271
1997,Total,2068177.0,92600,498297,40421,228970,932835,116611.0,158443,299
1997,Uri,4264.0,210,885,72,693,2121,282.0,0,122
1997,Valais,81533.0,5735,21101,2042,7557,36739,4974.0,3385,316
1997,Vaud,234831.0,4758,57982,1048,24961,114927,10113.0,21042,380
1997,Zoug,22302.0,871,4005,181,3363,11356,1031.0,1496,236
1997,Zurich,368768.0,9272,79919,6285,28509,169814,26558.0,48412,308
1998,Appenzell Rh.-Ext.,11304.0,0,1824,-43,868,7927,728.0,0,211
1998,Appenzell Rh.-Int.,3873.0,0,1487,163,550,1412,198.0,63,267
1998,Argovie,127303.0,11743,32701,9244,9870,50306,6549.0,6890,239
1998,Berne,291930.0,14955,55652,4848,18590,150057,15672.0,32156,308
1998,Bâle-Campagne,72155.0,940,17008,472,6503,40719,5751.0,762,284
1998,Bâle-Ville   2),5733.0,23,819,195,555,3431,710.0,0,265
1998,Espace Mittelland,499471.0,23471,111896,7195,33816,257583,26445.0,39065,302
1998,Fribourg,66172.0,1696,28143,85,5511,26132,3447.0,1158,284
1998,Genève,114917.0,1389,13700,108,17893,65183,3701.0,12943,287
1998,Glaris,9310.0,796,2942,3,925,4237,407.0,0,243
1998,Grisons,86406.0,10556,20333,451,2479,45361,3134.0,4092,461
1998,Jura,17594.0,1125,5371,23,86,9105,1088.0,796,261
1998,Lucerne,88875.0,1426,21846,5914,8699,41794,4805.0,4391,260
1998,Neuchâtel,68831.0,2670,9193,329,4412,45702,3002.0,3523,415
1998,Nidwald,6047.0,0,2023,9,743,2975,297.0,0,167
1998,Obwald,9757.0,74,2685,287,1747,4435,493.0,36,307
1998,Région lémanique,403465.0,13756,61650,6444,45475,221358,14521.0,40261,313
1998,Saint-Gall,163720.0,11674,37052,1635,29110,67003,9079.0,8167,369
1998,Schaffhouse,20271.0,151,4172,457,1061,10318,1674.0,2438,277
1998,Schwytz,32213.0,245,11244,413,3162,14652,2405.0,92,257
1998,Soleure,54944.0,3025,13537,1910,5217,26587,3236.0,1432,228
1998,Suisse centrale,166485.0,2436,47711,7418,17982,75911,9129.0,5898,250
1998,Suisse du Nord-Ouest,205191.0,12706,50528,9911,16928,94456,13010.0,7652,254
1998,Suisse orientale,346365.0,25071,85670,3020,40899,156777,19441.0,15487,334
1998,Tessin,66915.0,4890,15405,548,5350,28465,3976.0,8281,233
1998,Thurgovie,51481.0,1894,17860,354,5906,20519,4221.0,727,228
1998,Total,2094175.0,89933,471320,37517,192282,1018521,116913.0,167689,302
1998,Uri,4919.0,104,2216,74,415,1884,226.0,0,142
1998,Valais,98712.0,10689,22869,5819,6129,45105,3530.0,4571,365
1998,Vaud,189836.0,1678,25081,517,21453,111070,7290.0,22747,306
1998,Zoug,24674.0,587,7697,721,3216,10171,903.0,1379,258
1998,Zurich,406283.0,7603,98460,2981,31832,183971,30391.0,51045,338
1999,Appenzell Rh.-Ext.,13462.0,82,1742,17,1746,8867,1008.0,0,252
1999,Appenzell Rh.-Int.,4785.0,257,1396,44,763,2018,234.0,72,330
1999,Argovie,123782.0,7864,23690,74,11733,66332,8052.0,6037,231
1999,Berne,305240.0,15490,51445,2237,19654,166245,19414.0,30756,321
1999,Bâle-Campagne,79468.0,4474,17521,1140,4432,44273,6712.0,916,311
1999,Bâle-Ville   2),7996.0,302,2648,82,355,3814,795.0,0,371
1999,Espace Mittelland,524402.0,30967,102009,6248,32710,282896,31425.0,38149,316
1999,Fribourg,77015.0,3454,25317,1239,4074,37601,3971.0,1359,328
1999,Genève,101270.0,5071,12945,161,12212,53621,3647.0,13614,251
1999,Glaris,10251.0,140,1458,196,1318,6563,576.0,0,271
1999,Grisons,109949.0,4687,23035,2310,11137,58560,5371.0,4849,586
1999,Jura,22415.0,2857,7409,388,614,9176,1143.0,828,333
1999,Lucerne,94826.0,10450,15182,1434,8586,49646,5698.0,3831,276
1999,Neuchâtel,60244.0,2397,9162,148,3572,37906,3456.0,3604,363
1999,Nidwald,7737.0,402,2153,5,716,4010,450.0,0,212
1999,Obwald,11720.0,247,2815,521,1637,5895,566.0,39,367
1999,Région lémanique,430640.0,34626,65675,4173,29551,238555,17309.0,40752,335
1999,Saint-Gall,161557.0,6795,30064,1315,20434,87987,10198.0,4764,362
1999,Schaffhouse,24068.0,1942,4771,324,1679,11021,1918.0,2414,329
1999,Schwytz,41005.0,1707,12974,1881,5160,16555,2668.0,59,324
1999,Soleure,59488.0,6769,8676,2236,4796,31968,3441.0,1602,246
1999,Suisse centrale,187676.0,14469,40581,4586,19797,92174,10758.0,5310,280
1999,Suisse du Nord-Ouest,211246.0,12640,43859,1296,16520,114419,15559.0,6953,260
1999,Suisse orientale,379362.0,21140,74773,5391,41137,201468,22766.0,12687,365
1999,Tessin,79073.0,8832,16803,665,4121,34890,4543.0,9217,276
1999,Thurgovie,55290.0,7237,12307,1185,4060,26452,3461.0,588,244
1999,Total,2214044.0,135143,424474,23790,167975,1168189,130545.0,163926,310
1999,Uri,4638.0,0,1005,13,487,2777,356.0,0,134
1999,Valais,105571.0,19685,16765,3355,6664,50045,5129.0,3928,406
1999,Vaud,223799.0,9870,35965,657,10675,134889,8533.0,23210,359
1999,Zoug,27750.0,1663,6452,732,3211,13291,1020.0,1381,286
1999,Zurich,401643.0,12468,80772,1431,24140,203787,28187.0,50858,332
2000,Appenzell Rh.-Ext.,13983.0,584,2603,348,2053,7500,894.0,0,263
2000,Appenzell Rh.-Int.,4277.0,123,1108,6,921,1794,248.0,77,292
2000,Argovie,158957.0,15680,33753,1790,23519,68547,9491.0,6175,294
2000,Berne,290192.0,10622,50221,2050,25839,151222,18251.0,31989,305
2000,Bâle-Campagne,71216.0,5898,15827,400,4134,38075,6013.0,869,277
2000,Bâle-Ville   2),7435.0,997,831,209,547,4082,768.0,0,347
2000,Espace Mittelland,508295.0,45320,91321,3096,42419,255873,30556.0,39715,303
2000,Fribourg,71284.0,14335,15314,777,4921,31382,3679.0,876,301
2000,Genève,105097.0,4950,14133,759,16226,49406,6504.0,13119,257
2000,Glaris,10686.0,528,2632,536,1208,5193,588.0,0,283
2000,Grisons,96054.0,12373,29075,4,10057,34962,4198.0,5385,511
2000,Jura,23561.0,3220,8194,-190,1000,9367,1184.0,787,351
2000,Lucerne,94626.0,7437,22676,349,12714,41429,6152.0,3869,274
2000,Neuchâtel,66473.0,7657,7937,261,4376,37605,4312.0,4325,400
2000,Nidwald,6827.0,384,2268,14,485,3290,338.0,49,185
2000,Obwald,8792.0,452,1256,22,1532,4903,606.0,21,273
2000,Région lémanique,447145.0,39071,69460,6143,40419,225846,25275.0,40930,344
2000,Saint-Gall,149590.0,8185,36298,1228,25172,66679,9141.0,2887,334
2000,Schaffhouse,26217.0,935,8860,158,2631,9543,1610.0,2480,360
2000,Schwytz,33462.0,1982,10419,353,5216,13072,2312.0,109,261
2000,Soleure,56785.0,9486,9655,198,6283,26297,3129.0,1738,234
2000,Suisse centrale,180011.0,13435,44799,1305,24951,78159,11045.0,6319,266
2000,Suisse du Nord-Ouest,237608.0,22575,50411,2399,28200,110704,16272.0,7044,290
2000,Suisse orientale,363736.0,33942,97093,3201,48174,149685,20151.0,11488,349
2000,Tessin,69461.0,8498,10129,1927,5106,31543,5190.0,7068,237
2000,Thurgovie,62929.0,11214,16517,921,6132,24014,3472.0,659,277
2000,Total,2227829.0,173381,450614,20456,229183,1051783,137846.0,164567,310
2000,Uri,4063.0,15,1182,20,580,1997,269.0,0,118
2000,Valais,103935.0,15855,20111,4123,9047,45699,5260.0,3839,398
2000,Vaud,238113.0,18266,35216,1261,15146,130741,13511.0,23972,379
2000,Zoug,32241.0,3165,6998,547,4424,13468,1368.0,2271,327
2000,Zurich,421574.0,10540,87401,2381,39915,199973,29361.0,52003,345
2001,Appenzell Rh.-Ext.,12371.0,436,2323,10,1688,7147,767.0,0,234
2001,Appenzell Rh.-Int.,4181.0,76,1372,142,657,1652,215.0,66,284
2001,Argovie,122294.0,7658,25804,1166,17435,57953,7139.0,5140,224
2001,Berne,284251.0,12712,44254,2254,19115,159176,16690.0,30049,298
2001,Bâle-Campagne,74916.0,7520,12421,1318,3865,41960,6580.0,1252,290
2001,Bâle-Ville   2),7387.0,1465,441,88,507,4085,801.0,0,336
2001,Espace Mittelland,494503.0,34478,88581,3227,31984,269598,27926.0,38709,296
2001,Fribourg,65102.0,5805,14535,278,4349,35549,3519.0,1067,271
2001,Genève,114516.0,7667,14134,346,7026,67538,3597.0,14208,276
2001,Glaris,9259.0,870,1608,90,877,5326,489.0,0,244
2001,Grisons,114640.0,11060,27469,2213,12172,51590,4154.0,5983,609
2001,Jura,24424.0,4610,7152,64,882,9685,1194.0,838,363
2001,Lucerne,90249.0,8059,17591,1148,7047,47141,5124.0,4139,259
2001,Neuchâtel,58523.0,2796,10891,106,1934,34396,3343.0,5057,351
2001,Nidwald,8891.0,1003,3226,31,392,3811,376.0,51,238
2001,Obwald,8017.0,115,581,65,1466,5201,561.0,28,247
2001,Région lémanique,460602.0,35685,68995,3810,23181,268254,18334.0,42343,351
2001,Saint-Gall,154416.0,5496,36452,1551,23513,74863,9236.0,3305,342
2001,Schaffhouse,22205.0,1133,4970,220,1408,10812,1621.0,2041,305
2001,Schwytz,35146.0,4418,8122,262,4944,14743,2620.0,38,270
2001,Soleure,62203.0,8555,11749,525,5704,30792,3180.0,1698,256
2001,Suisse centrale,177075.0,16128,34083,1626,18665,90420,9955.0,6196,259
2001,Suisse du Nord-Ouest,204597.0,16643,38666,2572,21807,103998,14520.0,6392,247
2001,Suisse orientale,383120.0,30962,90187,5798,45988,177911,20229.0,12046,367
2001,Tessin,82919.0,8378,13436,1754,5513,42371,4593.0,6874,284
2001,Thurgovie,66048.0,11891,15993,1572,5673,26521,3747.0,651,290
2001,Total,2237517.0,155018,414042,20913,193229,1165951,122087.0,166277,317
2001,Uri,3695.0,120,593,-7,511,2182,294.0,0,108
2001,Valais,93567.0,10662,15430,2518,8589,47554,4872.0,3942,356
2001,Vaud,252519.0,17356,39431,946,7566,153162,9865.0,24193,398
2001,Zoug,31077.0,2413,3970,127,4305,17342,980.0,1940,310
2001,Zurich,434701.0,12744,80094,2126,46091,213399,26530.0,53717,351
2002,Appenzell Rh.-Ext.,12779.0,254,2394,3,2111,7310,707.0,0,242
2002,Appenzell Rh.-Int.,4653.0,84,2201,42,629,1399,225.0,72,316
2002,Argovie,125068.0,9461,29540,2281,16635,53402,7255.0,6493,226
2002,Berne,291949.0,18604,49917,2059,18062,155983,16724.0,30600,305
2002,Bâle-Campagne,68316.0,6839,7683,534,3859,41908,6404.0,1090,262
2002,Bâle-Ville   2),5641.0,353,291,81,700,3444,773.0,0,261
2002,Espace Mittelland,506750.0,38326,96761,3820,32413,268017,27607.0,39804,301
2002,Fribourg,67736.0,7550,16385,599,4398,34311,3424.0,1067,277
2002,Genève,125040.0,9120,16829,675,7828,70594,3856.0,16138,296
2002,Glaris,9430.0,529,2436,61,822,5115,469.0,0,250
2002,Grisons,98980.0,6804,24228,920,8531,48872,4410.0,5215,523
2002,Jura,22458.0,2000,8449,294,778,8938,1109.0,891,332
2002,Lucerne,82349.0,6501,15981,817,8728,41279,4894.0,4148,234
2002,Neuchâtel,64469.0,3491,10367,212,3304,38393,3324.0,5378,388
2002,Nidwald,6894.0,511,2007,101,347,3534,333.0,60,182
2002,Obwald,10399.0,184,2237,38,1524,5739,675.0,2,317
2002,Région lémanique,461890.0,31639,72694,2233,24503,266129,18888.0,45804,349
2002,Saint-Gall,164525.0,5398,40914,1634,25391,77980,9871.0,3337,361
2002,Schaffhouse,20165.0,810,2955,213,1383,12984,1819.0,0,274
2002,Schwytz,26197.0,879,5239,1007,3901,12690,2443.0,38,198
2002,Soleure,60138.0,6681,11643,656,5871,30392,3026.0,1868,246
2002,Suisse centrale,155807.0,10072,28692,2460,19365,81314,9511.0,4391,226
2002,Suisse du Nord-Ouest,199025.0,16653,37514,2896,21194,98754,14432.0,7583,238
2002,Suisse orientale,376765.0,24377,90990,4498,44776,181647,21208.0,9270,358
2002,Tessin,95182.0,8753,18667,3531,6388,46915,4093.0,6836,318
2002,Thurgovie,66233.0,10498,15862,1625,5909,27987,3707.0,646,288
2002,Total,2260873.0,157488,422030,23245,204778,1168854,116503.0,167975,309
2002,Uri,4004.0,477,427,126,625,2078,271.0,0,117
2002,Valais,98788.0,7738,20208,1334,7590,52622,4949.0,4347,369
2002,Vaud,238062.0,14781,35657,224,9085,142913,10083.0,25319,376
2002,Zoug,25964.0,1520,2801,371,4240,15994,895.0,143,254
2002,Zurich,465456.0,27667,76714,3808,56139,226078,20764.0,54287,370
2003,Appenzell Rh.-Ext.,13247.0,323,2673,47,1785,7678,742.0,0,251
2003,Appenzell Rh.-Int.,4628.0,275,1240,100,737,1956,251.0,68,315
2003,Argovie,131676.0,8933,28257,1900,18191,59774,7365.0,7255,236
2003,Berne,264686.0,15514,49625,2148,20183,134722,13323.0,29171,275
2003,Bâle-Campagne,71394.0,5713,10096,289,4522,42971,6491.0,1313,272
2003,Bâle-Ville   2),7321.0,951,1364,108,960,3406,532.0,0,336
2003,Espace Mittelland,469125.0,27500,84905,3789,33394,255586,24874.0,39075,277
2003,Fribourg,64804.0,2845,13686,313,4016,39215,3675.0,1054,261
2003,Genève,117447.0,7840,11766,421,7827,70186,3477.0,15930,274
2003,Glaris,8609.0,627,933,6,1133,5431,478.0,0,227
2003,Grisons,124416.0,8105,26275,1123,10421,69119,4670.0,4702,651
2003,Jura,20629.0,1868,5432,98,847,10256,1261.0,867,304
2003,Lucerne,90527.0,4455,23451,841,7780,44922,4754.0,4324,257
2003,Neuchâtel,61963.0,3040,6290,240,2303,40845,3371.0,5874,368
2003,Nidwald,7803.0,777,2966,10,348,3315,335.0,53,203
2003,Obwald,12275.0,2465,1789,319,1741,5299,661.0,2,372
2003,Région lémanique,464455.0,27707,70428,2495,25676,272566,18681.0,46902,344
2003,Saint-Gall,171784.0,5695,41332,1919,26237,82484,10716.0,3401,375
2003,Schaffhouse,17817.0,617,3932,166,1138,10387,1577.0,0,240
2003,Schwytz,35403.0,379,9957,558,6546,15440,2483.0,40,265
2003,Soleure,57043.0,4233,9872,990,6045,30548,3244.0,2109,232
2003,Suisse centrale,180148.0,9937,46184,2261,21459,86250,9481.0,4578,259
2003,Suisse du Nord-Ouest,210391.0,15597,39717,2297,23673,106151,14388.0,8568,249
2003,Suisse orientale,404383.0,21479,95381,3604,47167,205806,22138.0,8806,382
2003,Tessin,107954.0,9348,23395,1570,7395,54342,4508.0,7397,356
2003,Thurgovie,63882.0,5837,18996,243,5716,28751,3704.0,635,276
2003,Total,2310714.0,133683,450250,20042,201253,1216184,116789.0,172513,313
2003,Uri,5237.0,709,1070,20,641,2484,312.0,0,151
2003,Valais,100225.0,10599,19224,1424,8374,51505,4991.0,4108,369
2003,Vaud,246783.0,9268,39438,650,9475,150875,10213.0,26864,381
2003,Zoug,28903.0,1152,6951,513,4403,14790,936.0,159,280
2003,Zurich,474259.0,22117,90240,4026,42489,235483,22718.0,57187,373
2004,Appenzell Rh.-Ext.,12414.0,488,1210,63,1855,8156,642.0,0,234
2004,Appenzell Rh.-Int.,4502.0,114,1174,99,595,2193,245.0,83,300
2004,Argovie,132716.0,7796,33768,3535,16329,56379,7096.0,7814,237
2004,Berne,288879.0,11890,51634,2206,21767,153026,15768.0,32588,303
2004,Bâle-Campagne,67534.0,4024,10570,561,4459,40387,6290.0,1243,255
2004,Bâle-Ville   2),9201.0,828,3093,96,1158,3524,502.0,0,421
2004,Espace Mittelland,506933.0,27598,92344,4552,36362,276008,27378.0,42691,301
2004,Fribourg,72242.0,3766,15369,359,5361,42558,3759.0,1070,293
2004,Genève,123964.0,3653,14711,450,8324,75648,3333.0,17845,292
2004,Glaris,8697.0,593,1657,24,963,4974,486.0,0,228
2004,Grisons,125928.0,6324,33077,811,10370,66330,4824.0,4192,674
2004,Jura,19131.0,1039,4671,5,922,10306,1315.0,873,277
2004,Lucerne,90564.0,5507,22144,317,3792,50405,3944.0,4455,256
2004,Neuchâtel,61261.0,2688,6887,47,2488,39633,3356.0,6162,367
2004,Nidwald,6768.0,564,1816,154,438,3456,339.0,0,173
2004,Obwald,9276.0,1092,1315,207,1223,4922,516.0,1,280
2004,Région lémanique,492847.0,24613,85423,1958,27607,284392,19831.0,49023,368
2004,Saint-Gall,171518.0,3462,39440,2160,25907,84892,11270.0,4388,372
2004,Schaffhouse,20005.0,1214,3918,230,1239,11808,1577.0,19,270
2004,Schwytz,29102.0,265,5357,119,5616,15185,2522.0,38,216
2004,Soleure,65420.0,8215,13783,1935,5824,30485,3180.0,1998,265
2004,Suisse centrale,165700.0,9896,35901,851,14508,91208,8682.0,4653,237
2004,Suisse du Nord-Ouest,209451.0,12648,47431,4192,21946,100290,13888.0,9057,247
2004,Suisse orientale,405625.0,20139,96928,4650,46354,205376,22864.0,9315,383
2004,Tessin,104531.0,7015,18597,1924,8576,57424,4382.0,6613,343
2004,Thurgovie,62561.0,7944,16452,1263,5425,27023,3820.0,633,270
2004,Total,2357941.0,119680,468728,22804,192061,1255634,118924.0,180117,321
2004,Uri,4313.0,102,656,-13,641,2588,340.0,0,123
2004,Valais,103322.0,12519,15299,910,9823,54851,5497.0,4423,376
2004,Vaud,265561.0,8441,55413,598,9460,153893,11001.0,26755,416
2004,Zoug,25677.0,2366,4613,67,2798,14652,1021.0,159,248
2004,Zurich,472854.0,17771,92100,4673,36708,240936,21900.0,58765,378
2005,Appenzell Rh.-Ext.,14476.0,191,2966,10,1939,8563,807.0,0,274
2005,Appenzell Rh.-Int.,6543.0,23,3160,18,636,2370,249.0,88,435
2005,Argovie,150523.0,11877,33344,2048,18702,67847,8029.0,8676,266
2005,Berne,308441.0,9786,56413,1970,21715,167125,17281.0,34151,323
2005,Bâle-Campagne,68007.0,2555,10629,449,4345,42323,6555.0,1151,256
2005,Bâle-Ville   2),6141.0,80,619,21,958,3845,618.0,0,282
2005,Espace Mittelland,545029.0,26963,110480,4291,40170,289839,29364.0,43921,322
2005,Fribourg,78740.0,3929,20900,-1,5833,42300,4352.0,1427,313
2005,Genève,145023.0,4167,35296,370,6320,67568,4154.0,27148,339
2005,Glaris,9689.0,54,2320,110,1054,5589,562.0,0,255
2005,Grisons,107394.0,2916,30505,833,13654,49853,5074.0,4557,572
2005,Jura,20693.0,1003,5381,5,907,11175,1330.0,892,299
2005,Lucerne,92092.0,2934,21683,1648,4075,54098,4245.0,3408,254
2005,Neuchâtel,68707.0,8157,9237,392,5809,36419,3134.0,5558,409
2005,Nidwald,6279.0,252,1235,23,565,3796,410.0,0,159
2005,Obwald,9819.0,66,2840,143,1280,5114,376.0,1,296
2005,Région lémanique,513140.0,17835,98631,2487,26741,284734,21928.0,60783,379
2005,Saint-Gall,178495.0,8662,34106,2217,26659,91327,11657.0,3866,389
2005,Schaffhouse,23763.0,3915,5196,338,1303,11437,1574.0,0,322
2005,Schwytz,36442.0,688,7461,1637,6361,17542,2714.0,39,268
2005,Soleure,68448.0,4088,18549,1925,5906,32820,3267.0,1893,277
2005,Suisse centrale,178387.0,4837,42049,4780,15993,97898,9136.0,3697,251
2005,Suisse du Nord-Ouest,224671.0,14512,44592,2518,24005,114015,15202.0,9827,264
2005,Suisse orientale,404175.0,21850,97325,3933,51337,196748,23966.0,9015,382
2005,Tessin,106562.0,5750,22971,4428,6199,55968,4338.0,6908,346
2005,Thurgovie,63815.0,6089,19072,407,6092,27609,4043.0,504,274
2005,Total,2450792.0,102649,524183,27114,204009,1276603,123079.0,193153,331
2005,Uri,4740.0,200,865,8,742,2587,339.0,0,135
2005,Valais,115153.0,7738,19905,2019,10155,64785,5863.0,4687,415
2005,Vaud,252964.0,5930,43430,98,10266,152381,11911.0,28948,391
2005,Zoug,29015.0,697,7965,1321,2970,14761,1052.0,249,276
2005,Zurich,478827.0,10904,108132,4678,39565,237401,19145.0,59002,379
2006,Appenzell Rh.-Ext.,14121.0,78,3298,-34,1787,8248,745.0,0,267
2006,Appenzell Rh.-Int.,4390.0,35,1412,98,495,2112,237.0,0,292
2006,Argovie,145914.0,13430,42466,1577,15780,60689,7493.0,4479,258
2006,Berne,327897.0,11902,72864,1636,22460,176329,16670.0,26036,343
2006,Bâle-Campagne,77396.0,2467,16096,944,4355,44105,6787.0,2642,292
2006,Bâle-Ville   2),8246.0,436,2555,40,1068,1971,542.0,1635,378
2006,Espace Mittelland,588305.0,22796,143845,5867,39116,308108,29212.0,39359,349
2006,Fribourg,111873.0,5961,34777,1696,7459,55096,5022.0,1862,454
2006,Genève,140946.0,4000,31908,304,6591,72122,4085.0,21936,330
2006,Glaris,9236.0,72,2587,36,1012,5017,512.0,0,243
2006,Grisons,114614.0,2937,35205,1001,12322,52972,4985.0,5192,610
2006,Jura,22149.0,762,6547,15,938,11699,1386.0,801,321
2006,Lucerne,84184.0,2249,21483,480,3618,45578,4142.0,6635,239
2006,Neuchâtel,56912.0,2240,8181,37,2604,34001,2841.0,7007,339
2006,Nidwald,6666.0,332,1290,1,630,4030,383.0,0,169
2006,Obwald,10503.0,34,2800,54,1843,5357,416.0,0,317
2006,Région lémanique,552587.0,19351,112802,1260,29996,313525,23197.0,52456,409
2006,Saint-Gall,186811.0,9280,39992,1637,24393,87978,11976.0,11554,407
2006,Schaffhouse,22311.0,1673,4870,321,1325,10344,1572.0,2207,302
2006,Schwytz,37045.0,1254,8711,282,6333,17721,2743.0,0,272
2006,Soleure,69474.0,1931,21476,2483,5655,30983,3293.0,3653,281
2006,Suisse centrale,173878.0,5320,44653,1401,16324,88429,9121.0,8631,248
2006,Suisse du Nord-Ouest,231556.0,16333,61117,2561,21203,106765,14822.0,8756,272
2006,Suisse orientale,416862.0,21062,106825,4232,47133,193060,24161.0,20389,394
2006,Tessin,110631.0,6113,23260,1667,7450,59470,4885.0,7786,357
2006,Thurgovie,65379.0,6987,19461,1173,5799,26389,4134.0,1436,281
2006,Total,2588728.0,101704,615039,20581,217686,1298945,127993.0,206782,350
2006,Uri,7522.0,155,3816,9,721,2490,330.0,0,214
2006,Valais,129856.0,7494,28259,1125,11088,71178,6142.0,4570,468
2006,Vaud,281785.0,7857,52635,-169,12317,170225,12970.0,25950,435
2006,Zoug,27958.0,1296,6553,575,3179,13253,1107.0,1996,266
2006,Zurich,514910.0,10730,122535,3593,56463,229588,22596.0,69405,408
2007,Appenzell Rh.-Ext.,21205.0,750,6594,112,2129,10838,782.0,0,401
2007,Appenzell Rh.-Int.,3595.0,5,839,22,492,1962,213.0,63,239
2007,Argovie,147709.0,13702,47888,1425,14562,53540,6995.0,9596,261
2007,Berne,338999.0,14140,87777,1943,21598,165688,16319.0,31533,355
2007,Bâle-Campagne,80344.0,1496,21582,981,3725,44224,6836.0,1500,303
2007,Bâle-Ville   2),7061.0,379,1801,25,1079,3301,477.0,0,324
2007,Espace Mittelland,573698.0,23309,157504,5242,35390,283144,27155.0,41954,340
2007,Fribourg,77579.0,3387,25233,1270,4833,38024,3406.0,1426,315
2007,Genève,134681.0,4558,29422,740,7261,67895,4862.0,19943,315
2007,Glaris,8749.0,32,2544,17,958,4714,485.0,0,233
2007,Grisons,117226.0,3069,40142,1051,12915,51015,4789.0,4245,624
2007,Jura,24861.0,1276,8956,83,824,11433,1302.0,988,360
2007,Lucerne,88833.0,1858,26095,222,3520,48945,3937.0,4255,253
2007,Neuchâtel,62862.0,2253,13436,224,2807,35243,2978.0,5921,374
2007,Nidwald,7413.0,971,1086,33,584,4327,410.0,2,188
2007,Obwald,11468.0,165,3180,244,1600,5861,412.0,7,346
2007,Région lémanique,587885.0,25875,128837,2072,32228,316585,24562.0,57726,435
2007,Saint-Gall,179514.0,7819,46394,2849,25536,81339,11941.0,3636,391
2007,Schaffhouse,22791.0,1390,6926,228,1293,11316,1637.0,0,309
2007,Schwytz,38074.0,2683,8826,1277,6642,15866,2769.0,10,280
2007,Soleure,69397.0,2253,22102,1722,5328,32756,3150.0,2086,280
2007,Suisse centrale,179429.0,5959,49666,1991,15922,92528,8896.0,4465,256
2007,Suisse du Nord-Ouest,235114.0,15577,71271,2431,19366,101065,14308.0,11096,276
2007,Suisse orientale,420464.0,19538,126159,5596,48945,187931,23857.0,8439,397
2007,Tessin,106421.0,5340,25327,5221,6369,51900,4596.0,7668,341
2007,Thurgovie,67384.0,6473,22720,1317,5622,26747,4010.0,495,289
2007,Total,2632235.0,108108,708440,29658,201655,1266233,126607.0,191535,356
2007,Uri,4309.0,58,1085,7,626,2196,336.0,0,123
2007,Valais,141348.0,11999,35055,758,11350,71617,6154.0,4415,509
2007,Vaud,311856.0,9318,64360,574,13617,177073,13546.0,33368,482
2007,Zoug,29332.0,224,9394,208,2950,15333,1032.0,191,279
2007,Zurich,529224.0,12509,149677,7103,43436,233080,23233.0,60187,419
2008,Appenzell Rh.-Ext.,19259.0,914,5995,523,2002,9058,767.0,0,366
2008,Appenzell Rh.-Int.,5192.0,0,1790,67,721,2310,245.0,59,336
2008,Argovie,163688.0,15584,47644,1304,15670,64451,7760.0,11274,281
2008,Berne,325474.0,14154,91373,1387,21215,171240,17415.0,8691,338
2008,Bâle-Campagne,86628.0,3500,24946,1205,3394,45377,6926.0,1281,322
2008,Bâle-Ville   2),9325.0,663,3027,89,1118,3820,609.0,0,430
2008,Espace Mittelland,581703.0,24018,173221,3904,35395,297352,29055.0,18758,339
2008,Fribourg,82638.0,2820,28066,1080,4749,40633,3842.0,1448,314
2008,Genève,128808.0,3908,23641,213,7024,67003,4479.0,22540,294
2008,Glaris,13792.0,125,6674,57,987,5400,549.0,0,364
2008,Grisons,135354.0,4363,49171,947,13272,57879,5426.0,4296,704
2008,Jura,26298.0,1241,9843,77,980,11734,1450.0,972,378
2008,Lucerne,98812.0,1856,33379,1465,4698,49187,4056.0,4171,268
2008,Neuchâtel,72442.0,2190,19878,42,3035,38919,3122.0,5256,427
2008,Nidwald,6575.0,417,733,23,600,4339,462.0,0,163
2008,Obwald,11863.0,46,3153,123,1788,6234,514.0,4,349
2008,Région lémanique,632249.0,27295,153692,2433,33643,330910,24574.0,59703,450
2008,Saint-Gall,181427.0,8611,41613,3367,23977,87141,12040.0,4677,386
2008,Schaffhouse,23036.0,608,7046,153,1337,12291,1602.0,0,304
2008,Schwytz,47742.0,4671,11708,1978,7455,18716,3215.0,0,339
2008,Soleure,74851.0,3613,24061,1318,5416,34826,3226.0,2391,299
2008,Suisse centrale,207383.0,11766,62112,4113,18847,96458,9719.0,4368,285
2008,Suisse du Nord-Ouest,259641.0,19747,75617,2598,20182,113648,15295.0,12555,298
2008,Suisse orientale,455975.0,23224,138756,7154,48256,203997,25054.0,9534,421
2008,Tessin,113211.0,4845,23209,3053,7967,60104,5347.0,8685,359
2008,Thurgovie,77915.0,8603,26467,2040,5960,29918,4425.0,502,327
2008,Total,2789825.0,127566,775021,26770,204990,1346153,133066.0,176257,368
2008,Uri,5775.0,69,1975,56,646,2664,366.0,0,165
2008,Valais,176042.0,16869,44899,1896,13706,86306,7200.0,5166,596
2008,Vaud,327399.0,6518,85152,324,12913,177601,12895.0,31997,487
2008,Zoug,36616.0,4707,11164,468,3660,15318,1106.0,193,335
2008,Zurich,539663.0,16670,148415,3517,40700,243684,24022.0,62654,413
2009,Appenzell Rh.-Ext.,17077.0,832,3183,697,2105,9447,813.0,0,324
2009,Appenzell Rh.-Int.,5167.0,57,1949,41,654,2140,262.0,62,334
2009,Argovie,178254.0,16957,49983,1860,17426,72137,8235.0,11656,305
2009,Berne,346105.0,11765,93277,1717,23855,191767,18683.0,5041,360
2009,Bâle-Campagne,84942.0,1785,22563,512,3701,47797,7200.0,1384,316
2009,Bâle-Ville   2),8020.0,644,1242,51,1519,3962,603.0,0,369
2009,Espace Mittelland,604796.0,22960,167123,3555,39643,325852,31012.0,14651,353
2009,Fribourg,90353.0,2515,28883,628,5376,47447,4057.0,1447,343
2009,Genève,128601.0,3057,21809,153,6731,69591,4939.0,22322,293
2009,Glaris,12726.0,668,4477,40,1060,5913,568.0,0,333
2009,Grisons,157102.0,12730,50582,1417,15278,66716,5811.0,4569,828
2009,Jura,24038.0,1242,7899,45,916,11571,1430.0,935,347
2009,Lucerne,93113.0,1938,28264,51,5864,48932,4095.0,3968,550
2009,Neuchâtel,73919.0,2383,17954,29,3726,41494,3467.0,4866,435
2009,Nidwald,6846.0,346,423,23,649,4964,442.0,0,170
2009,Obwald,13175.0,102,4427,218,2347,5656,422.0,4,388
2009,Région lémanique,635419.0,22531,140029,1561,35473,345815,27446.0,62565,451
2009,Saint-Gall,184546.0,9936,38244,2528,24122,93203,12149.0,4363,394
2009,Schaffhouse,26831.0,1735,8197,226,1586,13266,1821.0,0,360
2009,Schwytz,50626.0,2768,14056,2968,6775,20595,3464.0,0,359
2009,Soleure,70381.0,5055,19110,1136,5770,33573,3375.0,2362,281
2009,Suisse centrale,213074.0,7524,66676,3627,19842,101141,10043.0,4221,403
2009,Suisse du Nord-Ouest,271216.0,19386,73788,2423,22646,123896,16038.0,13040,310
2009,Suisse orientale,481611.0,34019,131212,6244,51199,223180,26368.0,9388,447
2009,Tessin,130235.0,8638,28504,6565,7533,64466,5871.0,8658,416
2009,Thurgovie,78162.0,8061,24580,1295,6394,32495,4944.0,394,328
2009,Total,2927283.0,128276,790653,27425,228318,1435833,141302.0,175478,396
2009,Uri,6467.0,434,1674,31,759,3162,406.0,0,185
2009,Valais,168529.0,12754,38141,839,14165,89554,7722.0,5354,565
2009,Vaud,338289.0,6720,80079,569,14577,186670,14785.0,34889,504
2009,Zoug,42847.0,1936,17832,336,3448,17832,1214.0,249,393
2009,Zurich,590934.0,13216,183322,3452,51981,251483,24524.0,62955,452
2010,Appenzell Rh.-Ext.,18719.0,316,4223,139,1696,11508,837.0,0,356
2010,Appenzell Rh.-Int.,4806.0,0,1452,3,402,2601,268.0,79,311
2010,Argovie,181365.0,13291,63375,-405,16515,68957,8850.0,10782,315
2010,Berne,348051.0,7935,100177,1992,24136,191160,18906.0,3745,362
2010,Bâle-Campagne,88476.0,5529,16766,1814,6086,49597,7297.0,1387,329
2010,Bâle-Ville   2),10170.0,67,3197,0,953,4981,972.0,0,469
2010,Espace Mittelland,611023.0,21819,170592,3092,40961,329197,31809.0,13550,358
2010,Fribourg,86564.0,2678,22522,177,6681,48459,4607.0,1440,330
2010,Genève,152161.0,4902,38630,57,6176,75973,4958.0,21465,347
2010,Glaris,13488.0,270,4851,80,1059,6613,615.0,0,356
2010,Grisons,139934.0,2674,54010,499,11382,60563,5277.0,5529,746
2010,Jura,29389.0,2082,10020,86,1662,13096,1404.0,1039,457
2010,Lucerne,80840.0,1074,22453,727,6926,45343,4259.0,59,658
2010,Neuchâtel,71201.0,3641,16175,29,3647,39608,3406.0,4693,420
2010,Nidwald,8289.0,757,1482,4,810,4729,506.0,0,206
2010,Obwald,12043.0,146,3152,73,2674,5565,429.0,4,354
2010,Région lémanique,660096.0,25245,166547,1400,37792,337440,26966.0,64706,470
2010,Saint-Gall,195995.0,4489,51878,2027,22371,98992,11708.0,4531,421
2010,Schaffhouse,26024.0,496,7797,31,1091,14545,2064.0,0,349
2010,Schwytz,51575.0,1911,17959,413,5807,22062,3425.0,0,366
2010,Soleure,75818.0,5483,21698,808,4835,36874,3486.0,2633,303
2010,Suisse centrale,204953.0,6917,64060,1423,20714,101225,10360.0,256,425
2010,Suisse du Nord-Ouest,280011.0,18887,83338,1409,23554,123535,17119.0,12169,323
2010,Suisse orientale,481125.0,12222,157000,3291,44289,227905,25855.0,10564,449
2010,Tessin,130944.0,4989,39821,1415,8586,62772,5745.0,7616,417
2010,Thurgovie,82159.0,3977,32789,512,6288,33083,5086.0,425,345
2010,Total,2979833.0,105832,872046,15641,230920,1437686,144207.0,173499,407
2010,Uri,9018.0,77,2200,150,769,5399,423.0,0,258
2010,Valais,180434.0,13410,55531,1111,13088,84219,7675.0,5400,611
2010,Vaud,327501.0,6933,72386,232,18528,177248,14333.0,37841,488
2010,Zoug,43188.0,2952,16814,56,3728,18127,1318.0,193,396
2010,Zurich,611680.0,15752,190689,3611,55024,255612,26354.0,64638,468
2011,Appenzell Rh.-Ext.,20504.0,444,5188,31,1531,12546,765.0,0,385
2011,Appenzell Rh.-Int.,5241.0,0,2008,5,513,2368,290.0,58,333
2011,Argovie,168342.0,11237,52634,1907,15320,66430,8556.0,12258,272
2011,Berne,322375.0,8319,81435,1824,25703,183253,18329.0,3513,328
2011,Bâle-Campagne,87842.0,2265,18389,602,6668,51371,7447.0,1100,319
2011,Bâle-Ville  2),10524.0,361,3459,0,881,5113,708.0,2,484
2011,Espace Mittelland,586699.0,16404,155957,3195,41612,323619,31312.0,14601,332
2011,Fribourg,84881.0,2796,23662,359,6290,46088,4263.0,1423,299
2011,Genève,149797.0,6297,36776,101,6508,73584,4902.0,21628,325
2011,Glaris,9047.0,384,1365,65,607,6038,588.0,0,231
2011,Grisons,141454.0,3646,57601,858,10335,59407,5034.0,4573,731
2011,Jura,29635.0,947,9107,-2,1518,14665,1735.0,1666,420
2011,Lucerne,76295.0,1454,20659,772,4707,44847,3771.0,85,415
2011,Neuchâtel,80111.0,1883,21308,0,3344,44576,3592.0,5408,463
2011,Nidwald,7708.0,466,1868,1,592,4335,446.0,0,187
2011,Obwald,12625.0,94,3638,210,2286,5928,464.0,4,352
2011,Région lémanique,684991.0,41131,174269,2012,38862,337410,28159.0,63147,463
2011,Saint-Gall,196704.0,5263,58478,2783,22366,89756,11949.0,6109,407
2011,Schaffhouse,22589.0,683,7072,44,1090,11955,1745.0,0,293
2011,Schwytz,56373.0,6760,18946,1143,5695,20405,3424.0,0,381
2011,Soleure,69697.0,2459,20445,1014,4757,35037,3393.0,2591,271
2011,Suisse centrale,202126.0,11120,63010,3084,18469,96254,9837.0,351,361
2011,Suisse du Nord-Ouest,266708.0,13863,74482,2509,22869,122914,16711.0,13360,291
2011,Suisse orientale,478398.0,15448,164836,4479,43212,214206,25101.0,11118,429
2011,Tessin,131884.0,6063,37678,2516,8105,63868,5437.0,8216,399
2011,Thurgovie,82859.0,5028,33124,693,6770,32136,4730.0,378,329
2011,Total,2970683.0,120092,852621,21798,247709,1406482,142257.0,179726,385
2011,Uri,7055.0,731,1892,24,815,3186,406.0,0,199
2011,Valais,184975.0,21914,51165,1319,12748,84064,7616.0,6149,605
2011,Vaud,350219.0,12920,86328,592,19606,179762,15641.0,35370,491
2011,Zoug,42070.0,1615,16007,934,4374,17553,1326.0,262,365
2011,Zurich,619878.0,16064,182388,4004,74579,248211,25699.0,68933,445
2012,Appenzell Rh.-Ext.,22310.0,215,4600,43,1543,15050,859.0,0,417
2012,Appenzell Rh.-Int.,3907.0,0,590,0,616,2390,254.0,57,249
2012,Argovie,190247.0,16405,55372,3402,14186,66346,8750.0,25786,303
2012,Berne,337423.0,8899,90128,1191,22078,192395,19319.0,3413,340
2012,Bâle-Campagne,85804.0,3815,17744,694,6064,48734,7443.0,1310,310
2012,Bâle-Ville  2),10606.0,195,3756,0,1063,4477,1113.0,2,485
2012,Espace Mittelland,605989.0,19279,161487,4050,38423,336341,32228.0,14181,337
2012,Fribourg,88702.0,2996,22113,284,6557,50583,4772.0,1397,304
2012,Genève,154927.0,8695,35141,24,8543,76057,4702.0,21765,335
2012,Glaris,12050.0,532,1493,6,873,8274,872.0,0,306
2012,Grisons,156348.0,3711,60419,282,11590,69856,6009.0,4481,806
2012,Jura,28320.0,2000,10807,57,1430,11886,1066.0,1074,353
2012,Lucerne,78084.0,847,23679,196,3969,45591,3748.0,55,453
2012,Neuchâtel,76717.0,2490,15548,276,3609,45727,3631.0,5436,440
2012,Nidwald,7694.0,457,1569,20,854,4338,456.0,0,185
2012,Obwald,12080.0,24,2835,122,2247,6329,517.0,4,334
2012,Région lémanique,689117.0,39340,157499,1898,43935,358073,28682.0,59690,456
2012,Saint-Gall,219078.0,5493,59231,696,24736,108392,13234.0,7296,452
2012,Schaffhouse,26992.0,792,9218,81,1098,14367,1436.0,0,346
2012,Schwytz,52130.0,2830,14763,1402,6296,23265,3574.0,0,348
2012,Soleure,74827.0,2894,22891,2242,4749,35750,3440.0,2861,287
2012,Suisse centrale,202077.0,5931,62199,2716,18761,102006,10170.0,294,366
2012,Suisse du Nord-Ouest,286657.0,20415,76872,4096,21313,119557,17306.0,27098,310
2012,Suisse orientale,521499.0,14411,166735,1879,47509,251503,27258.0,12204,465
2012,Tessin,150382.0,12081,34191,4632,8676,75718,6479.0,8605,449
2012,Thurgovie,80814.0,3668,31184,771,7053,33174,4594.0,370,315
2012,Total,3059882.0,125878,821998,21599,261467,1487889,149264.0,191792,391
2012,Uri,8497.0,104,3347,399,717,3477,455.0,0,238
2012,Valais,211905.0,18885,62123,1714,14844,99261,8885.0,6193,682
2012,Vaud,322285.0,11760,60235,160,20548,182755,15095.0,31732,438
2012,Zoug,43592.0,1669,16006,577,4678,19006,1420.0,235,374
2012,Zurich,604162.0,14420,163016,2324,82851,244691,27140.0,69720,429
2013,Appenzell Rh.-Ext.,22564.0,870,4633,9,1465,14297,1290.0,0,422
2013,Appenzell Rh.-Int.,6403.0,287,1850,91,1067,2734,316.0,58,407
2013,Argovie,188558.0,12833,68542,-163,15329,70303,9283.0,12431,300
2013,Berne,346582.0,12407,97393,1147,24716,188152,19156.0,3609,348
2013,Bâle-Campagne,87112.0,3834,18158,762,6207,48981,7601.0,1569,315
2013,Bâle-Ville  2),7810.0,115,1359,0,1053,4089,1192.0,2,357
2013,Espace Mittelland,619914.0,22593,169242,3129,41436,336407,32306.0,14800,346
2013,Fribourg,92188.0,4353,21169,249,7031,52977,4940.0,1470,317
2013,Genève,147485.0,7430,27311,10,11100,73672,5158.0,22804,318
2013,Glaris,11453.0,684,1137,0,887,7909,837.0,0,291
2013,Grisons,147950.0,3613,54218,112,10451,69083,5909.0,4564,767
2013,Jura,27877.0,1184,12396,150,1236,10791,1020.0,1098,396
2013,Lucerne,81848.0,1166,27728,813,3672,44620,3794.0,55,440
2013,Neuchâtel,77000.0,1944,14200,612,3431,47381,3690.0,5743,444
2013,Nidwald,7004.0,510,1305,11,578,4147,452.0,0,168
2013,Obwald,13914.0,288,3962,84,2439,6653,482.0,7,385
2013,Région lémanique,700327.0,60778,147225,4146,45058,356208,29392.0,57520,464
2013,Saint-Gall,180002.0,3160,44752,622,16413,97583,11568.0,5903,394
2013,Schaffhouse,30648.0,488,10897,36,1224,16501,1501.0,0,394
2013,Schwytz,64243.0,5056,17586,3868,7038,26803,3893.0,0,429
2013,Soleure,76267.0,2705,24084,971,5022,37106,3500.0,2880,294
2013,Suisse centrale,215469.0,8102,65593,5097,19116,106552,10614.0,396,381
2013,Suisse du Nord-Ouest,283480.0,16782,88059,599,22589,123373,18076.0,14002,306
2013,Suisse orientale,477517.0,13313,147166,1807,38496,239901,25940.0,10893,437
2013,Tessin,157831.0,10546,43970,8072,7809,71975,6160.0,9299,479
2013,Thurgovie,78497.0,4211,29679,937,6989,31794,4519.0,368,306
2013,Total,3101372.0,149886,837520,25185,261440,1495227,151515.0,180599,398
2013,Uri,7080.0,597,1804,10,727,3493,450.0,0,198
2013,Valais,211619.0,35436,50742,3790,12814,94127,8486.0,6224,680
2013,Vaud,341223.0,17912,69172,346,21144,188409,15748.0,28492,465
2013,Zoug,41380.0,485,13208,311,4662,20836,1543.0,334,355
2013,Zurich,646833.0,17772,176265,2334,86935,260811,29028.0,73689,459
2014,Appenzell Rh.-Ext.,19467.0,37,4648,15,1639,11869,1258.0,0,360
2014,Appenzell Rh.-Int.,5037.0,0,1416,91,827,2365,276.0,61,318
2014,Argovie,183682.0,10943,59290,416,15985,74524,9953.0,12571,285
2014,Berne,334299.0,18231,81041,1080,22802,188401,19294.0,3450,331
2014,Bâle-Campagne,90319.0,3427,21838,138,6235,49710,7574.0,1397,321
2014,Bâle-Ville  2),9719.0,163,3129,0,922,4664,839.0,2,443
2014,Espace Mittelland,628526.0,29809,175315,2988,39475,333166,32296.0,15478,344
2014,Fribourg,106114.0,5831,36639,349,6883,49954,4914.0,1544,350
2014,Genève,141298.0,2249,17817,27,9523,82276,5551.0,23855,296
2014,Glaris,10611.0,27,1474,16,772,7560,762.0,0,267
2014,Grisons,147158.0,2519,51209,435,10214,72516,5818.0,4447,751
2014,Jura,26065.0,1507,10249,153,1202,10980,918.0,1056,360
2014,Lucerne,85841.0,2272,28322,902,4370,46321,3592.0,61,452
2014,Neuchâtel,85474.0,1340,21230,16,4014,48937,3727.0,6210,482
2014,Nidwald,9283.0,351,3973,4,581,3951,423.0,0,221
2014,Obwald,10254.0,122,1844,83,2099,5684,417.0,5,278
2014,Région lémanique,700106.0,23739,132514,1824,43863,403917,31375.0,62876,447
2014,Saint-Gall,179918.0,2759,39382,107,20787,97251,12647.0,6985,363
2014,Schaffhouse,25432.0,319,9116,16,1284,13102,1596.0,0,320
2014,Schwytz,53536.0,5413,19432,196,5422,19567,3506.0,0,350
2014,Soleure,76575.0,2900,26156,1390,4574,34894,3444.0,3218,290
2014,Suisse centrale,207217.0,8860,67046,1225,17850,101547,10115.0,575,359
2014,Suisse du Nord-Ouest,283721.0,14534,84257,554,23143,128898,18366.0,13970,299
2014,Suisse orientale,466306.0,11673,134316,1091,42552,237573,27213.0,11888,407
2014,Tessin,190084.0,18450,44404,1703,10059,98644,7730.0,9095,547
2014,Thurgovie,78685.0,6012,27073,411,7029,32910,4856.0,395,298
2014,Total,3095930.0,123338,813981,12071,261193,1540981,155323.0,189047,386
2014,Uri,8077.0,322,2789,14,616,3915,421.0,0,224
2014,Valais,213824.0,12404,58266,1628,13711,112419,8983.0,6413,656
2014,Vaud,344985.0,9086,56430,169,20629,209222,16841.0,32608,453
2014,Zoug,40225.0,379,10685,26,4761,22109,1756.0,509,335
2014,Zurich,619970.0,16273,176130,2685,84252,237236,28228.0,75165,429
2015,Appenzell Rh.-Ext.,21215.0,4,5919,26,1579,12299,1388.0,0,389
2015,Appenzell Rh.-Int.,5910.0,0,1904,91,844,2659,350.0,61,369
2015,Argovie,172875.0,10158,47616,920,15377,75228,9922.0,13654,264
2015,Berne,329068.0,7462,92037,1834,21878,181193,21204.0,3459,323
2015,Bâle-Campagne,91607.0,589,25834,436,6119,50109,7029.0,1490,323
2015,Bâle-Ville  2),9902.0,37,3350,0,941,4775,797.0,2,412
2015,Espace Mittelland,610752.0,17527,173960,2186,40454,326456,37724.0,12446,332
2015,Fribourg,98893.0,3755,35635,168,6200,46199,5237.0,1699,322
2015,Genève,157568.0,2817,23300,859,13760,83044,9680.0,24108,325
2015,Glaris,12830.0,308,1588,24,970,8949,992.0,0,321
2015,Grisons,137293.0,1941,53406,478,8663,61326,6984.0,4496,698
2015,Jura,23578.0,1201,5776,64,1625,12366,1399.0,1146,324
2015,Lucerne,88073.0,574,29278,943,6728,44909,5576.0,65,221
2015,Neuchâtel,84141.0,3021,16942,66,5442,50004,5545.0,3122,472
2015,Nidwald,13013.0,0,3476,94,537,8019,856.0,31,307
2015,Obwald,11277.0,0,1341,58,1709,7267,898.0,5,304
2015,Région lémanique,754852.0,19785,187281,2647,46419,389497,44473.0,64750,474
2015,Saint-Gall,190292.0,4587,44495,1289,19643,101291,13373.0,5615,381
2015,Schaffhouse,25627.0,716,7382,50,1459,14176,1798.0,46,321
2015,Schwytz,55581.0,9952,17558,1771,5034,18251,3014.0,0,361
2015,Soleure,75073.0,2089,23569,53,5310,36693,4339.0,3020,282
2015,Suisse centrale,218969.0,10526,64607,4197,19314,106092,13768.0,465,277
2015,Suisse du Nord-Ouest,274384.0,10785,76801,1356,22436,130111,17749.0,15147,286
2015,Suisse orientale,475830.0,11917,143699,2781,40435,236268,29989.0,10740,413
2015,Tessin,141783.0,6849,30052,658,9507,77186,8749.0,8781,403
2015,Thurgovie,82663.0,4360,29006,823,7278,35568,5105.0,522,309
2015,Total,3102448.0,81901,849416,14944,274593,1507802,188072.0,185722,373
2015,Uri,7189.0,0,2177,92,761,3641,518.0,0,200
2015,Valais,220230.0,7904,64738,1382,12744,113545,12783.0,7134,656
2015,Vaud,377054.0,9064,99244,407,19915,192908,22009.0,33508,488
2015,Zoug,43837.0,0,10778,1240,4544,24003,2907.0,365,359
2015,Zurich,625878.0,4512,173015,1118,96027,242193,35620.0,73393,427
