annee,canton,Total,Routes nationales,Routes cantonales,Routes communales
1992,Appenzell Rh.-Ext.,434.0,0.0,231.0,203.0
1992,Appenzell Rh.-Int.,139.0,0.0,48.0,91.0
1992,Argovie,5567.7,80.7,1147.0,4340.0
1992,Berne,11732.4,170.4,1952.0,9610.0
1992,Bâle-Campagne,1985.2,30.2,405.0,1550.0
1992,Bâle-Ville,374.7,6.7,307.0,61.0
1992,Espace Mittelland,21087.2,297.2,4071.0,16719.0
1992,Fribourg,3413.4,67.4,628.0,2718.0
1992,Genève,1371.6,15.6,292.0,1064.0
1992,Glaris,412.6,16.6,130.0,266.0
1992,Grisons,3672.3,127.3,1499.0,2046.0
1992,Jura,1626.0,0.0,441.0,1185.0
1992,Lucerne,3230.5,58.5,512.0,2660.0
1992,Neuchâtel,1817.3,26.3,425.0,1366.0
1992,Nidwald,243.8,23.8,80.0,140.0
1992,Obwald,518.7,26.7,72.0,420.0
1992,Région lémanique,13402.5,267.5,4841.0,8294.0
1992,Saint-Gall,2908.2,140.2,620.0,2148.0
1992,Schaffhouse,1610.1,14.1,222.0,1374.0
1992,Schwytz,888.7,49.7,209.0,630.0
1992,Soleure,2498.1,33.1,625.0,1840.0
1992,Suisse centrale,5819.9,243.9,1207.0,4369.0
1992,Suisse du Nord-Ouest,7927.6,117.6,1859.0,5951.0
1992,Suisse orientale,12351.7,336.7,3567.0,8448.0
1992,Tessin,3159.8,136.8,1083.0,1940.0
1992,Thurgovie,3175.5,38.5,817.0,2320.0
1992,Total,71008.5,1514.5,18297.0,51197.0
1992,Uri,368.5,67.5,180.0,121.0
1992,Valais,4367.0,86.0,2250.0,2031.0
1992,Vaud,7663.9,165.9,2299.0,5199.0
1992,Zoug,569.7,17.7,154.0,398.0
1992,Zurich,7259.8,114.8,1669.0,5476.0
1993,Appenzell Rh.-Ext.,433.8,0.0,230.8,203.0
1993,Appenzell Rh.-Int.,139.4,0.0,48.4,91.0
1993,Argovie,5567.0,80.7,1146.3,4340.0
1993,Berne,11745.4,171.4,1964.0,9610.0
1993,Bâle-Campagne,1985.2,30.2,405.0,1550.0
1993,Bâle-Ville,375.0,6.7,307.3,61.0
1993,Espace Mittelland,21097.8,298.2,4080.6,16719.0
1993,Fribourg,3412.9,67.4,627.5,2718.0
1993,Genève,1379.9,23.9,292.0,1064.0
1993,Glaris,412.1,16.6,129.5,266.0
1993,Grisons,3672.4,127.3,1499.1,2046.0
1993,Jura,1625.6,0.0,440.6,1185.0
1993,Lucerne,3230.5,58.5,512.0,2660.0
1993,Neuchâtel,1817.7,26.3,425.4,1366.0
1993,Nidwald,243.8,23.8,80.0,140.0
1993,Obwald,523.9,26.7,77.2,420.0
1993,Région lémanique,13416.6,281.6,4841.0,8294.0
1993,Saint-Gall,2913.2,140.2,625.0,2148.0
1993,Schaffhouse,1610.2,14.1,222.1,1374.0
1993,Schwytz,889.0,49.7,209.3,630.0
1993,Soleure,2496.2,33.1,623.1,1840.0
1993,Suisse centrale,5825.5,243.9,1212.6,4369.0
1993,Suisse du Nord-Ouest,7927.2,117.6,1858.6,5951.0
1993,Suisse orientale,12356.4,336.7,3571.7,8448.0
1993,Tessin,3161.4,136.8,1084.6,1940.0
1993,Thurgovie,3175.3,38.5,816.8,2320.0
1993,Total,71044.9,1529.6,18318.3,51197.0
1993,Uri,368.5,67.5,180.0,121.0
1993,Valais,4372.8,91.8,2250.0,2031.0
1993,Vaud,7663.9,165.9,2299.0,5199.0
1993,Zoug,569.8,17.7,154.1,398.0
1993,Zurich,7260.0,114.8,1669.2,5476.0
1994,Appenzell Rh.-Ext.,433.8,0.0,230.8,203.0
1994,Appenzell Rh.-Int.,139.4,0.0,48.4,91.0
1994,Argovie,5566.9,80.7,1146.2,4340.0
1994,Berne,11781.5,174.5,1997.0,9610.0
1994,Bâle-Campagne,2052.2,30.2,472.0,1550.0
1994,Bâle-Ville,375.0,6.7,307.3,61.0
1994,Espace Mittelland,21153.2,301.3,4132.9,16719.0
1994,Fribourg,3412.9,67.4,627.5,2718.0
1994,Genève,1354.9,23.9,267.0,1064.0
1994,Glaris,412.1,16.6,129.5,266.0
1994,Grisons,3676.5,127.3,1503.2,2046.0
1994,Jura,1625.6,0.0,440.6,1185.0
1994,Lucerne,3230.5,58.5,512.0,2660.0
1994,Neuchâtel,1837.0,26.3,444.7,1366.0
1994,Nidwald,238.0,23.8,74.2,140.0
1994,Obwald,516.9,26.7,70.2,420.0
1994,Région lémanique,13393.6,281.6,4818.0,8294.0
1994,Saint-Gall,2913.2,140.2,625.0,2148.0
1994,Schaffhouse,1610.2,14.1,222.1,1374.0
1994,Schwytz,889.0,49.7,209.3,630.0
1994,Soleure,2496.2,33.1,623.1,1840.0
1994,Suisse centrale,5803.6,243.9,1190.7,4369.0
1994,Suisse du Nord-Ouest,7994.1,117.6,1925.5,5951.0
1994,Suisse orientale,12360.5,336.7,3575.8,8448.0
1994,Tessin,3139.3,136.8,1062.5,1940.0
1994,Thurgovie,3175.3,38.5,816.8,2320.0
1994,Total,71056.1,1532.7,18326.4,51197.0
1994,Uri,368.5,67.5,180.0,121.0
1994,Valais,4372.8,91.8,2250.0,2031.0
1994,Vaud,7665.9,165.9,2301.0,5199.0
1994,Zoug,560.7,17.7,145.0,398.0
1994,Zurich,7211.8,114.8,1621.0,5476.0
1995,Appenzell Rh.-Ext.,434.0,0.0,231.0,203.0
1995,Appenzell Rh.-Int.,139.0,0.0,48.0,91.0
1995,Argovie,5566.7,80.7,1146.0,4340.0
1995,Berne,11871.1,176.1,2085.0,9610.0
1995,Bâle-Campagne,2052.2,30.2,472.0,1550.0
1995,Bâle-Ville,374.7,6.7,307.0,61.0
1995,Espace Mittelland,21246.9,306.9,4221.0,16719.0
1995,Fribourg,3412.4,67.4,627.0,2718.0
1995,Genève,1354.9,23.9,267.0,1064.0
1995,Glaris,412.6,16.6,130.0,266.0
1995,Grisons,3676.3,127.3,1503.0,2046.0
1995,Jura,1626.0,0.0,441.0,1185.0
1995,Lucerne,3230.5,58.5,512.0,2660.0
1995,Neuchâtel,1841.3,30.3,445.0,1366.0
1995,Nidwald,237.8,23.8,74.0,140.0
1995,Obwald,521.7,26.7,75.0,420.0
1995,Région lémanique,13168.4,283.4,4591.0,8294.0
1995,Saint-Gall,2913.2,140.2,625.0,2148.0
1995,Schaffhouse,1610.1,14.1,222.0,1374.0
1995,Schwytz,888.7,49.7,209.0,630.0
1995,Soleure,2496.1,33.1,623.0,1840.0
1995,Suisse centrale,5807.9,243.9,1195.0,4369.0
1995,Suisse du Nord-Ouest,7993.6,117.6,1925.0,5951.0
1995,Suisse orientale,12360.7,336.7,3576.0,8448.0
1995,Tessin,3137.8,136.8,1061.0,1940.0
1995,Thurgovie,3175.5,38.5,817.0,2320.0
1995,Total,70975.1,1540.1,18238.0,51197.0
1995,Uri,368.5,67.5,180.0,121.0
1995,Valais,4145.8,91.8,2023.0,2031.0
1995,Vaud,7667.7,167.7,2301.0,5199.0
1995,Zoug,560.7,17.7,145.0,398.0
1995,Zurich,7259.8,114.8,1669.0,5476.0
1996,Appenzell Rh.-Ext.,432.0,0.0,229.0,203.0
1996,Appenzell Rh.-Int.,139.0,0.0,48.0,91.0
1996,Argovie,5588.3,99.3,1149.0,4340.0
1996,Berne,11872.3,177.3,2085.0,9610.0
1996,Bâle-Campagne,2052.2,30.2,472.0,1550.0
1996,Bâle-Ville,374.7,6.7,307.0,61.0
1996,Espace Mittelland,21248.0,309.0,4220.0,16719.0
1996,Fribourg,3411.3,68.3,625.0,2718.0
1996,Genève,1354.9,23.9,267.0,1064.0
1996,Glaris,407.6,16.6,125.0,266.0
1996,Grisons,3677.5,128.5,1503.0,2046.0
1996,Jura,1627.0,0.0,442.0,1185.0
1996,Lucerne,3230.5,58.5,512.0,2660.0
1996,Neuchâtel,1841.3,30.3,445.0,1366.0
1996,Nidwald,237.8,23.8,74.0,140.0
1996,Obwald,516.7,26.7,70.0,420.0
1996,Région lémanique,13190.3,305.3,4591.0,8294.0
1996,Saint-Gall,2913.2,140.2,625.0,2148.0
1996,Schaffhouse,1612.2,17.2,221.0,1374.0
1996,Schwytz,888.7,49.7,209.0,630.0
1996,Soleure,2496.1,33.1,623.0,1840.0
1996,Suisse centrale,5798.9,243.9,1186.0,4369.0
1996,Suisse du Nord-Ouest,8015.2,136.2,1928.0,5951.0
1996,Suisse orientale,12356.0,341.0,3567.0,8448.0
1996,Tessin,3137.8,136.8,1061.0,1940.0
1996,Thurgovie,3174.5,38.5,816.0,2320.0
1996,Total,71014.8,1593.8,18224.0,51197.0
1996,Uri,368.5,67.5,180.0,121.0
1996,Valais,4151.5,97.5,2023.0,2031.0
1996,Vaud,7683.9,183.9,2301.0,5199.0
1996,Zoug,556.7,17.7,141.0,398.0
1996,Zurich,7268.6,121.6,1671.0,5476.0
1997,Appenzell Rh.-Ext.,431.9,0.0,228.9,203.0
1997,Appenzell Rh.-Int.,139.4,0.0,48.4,91.0
1997,Argovie,5589.0,99.3,1149.7,4340.0
1997,Berne,11878.0,183.0,2085.0,9610.0
1997,Bâle-Campagne,2052.2,30.2,472.0,1550.0
1997,Bâle-Ville,375.0,6.7,307.3,61.0
1997,Espace Mittelland,21262.0,319.7,4223.3,16719.0
1997,Fribourg,3416.2,73.3,624.9,2718.0
1997,Genève,1358.2,27.2,267.0,1064.0
1997,Glaris,408.0,16.6,125.4,266.0
1997,Grisons,3677.7,128.5,1503.2,2046.0
1997,Jura,1627.0,0.0,442.0,1185.0
1997,Lucerne,3230.5,58.5,512.0,2660.0
1997,Neuchâtel,1844.6,30.3,448.3,1366.0
1997,Nidwald,238.0,23.8,74.2,140.0
1997,Obwald,529.7,32.1,77.6,420.0
1997,Région lémanique,13233.0,308.6,4630.4,8294.0
1997,Saint-Gall,2913.2,140.2,625.0,2148.0
1997,Schaffhouse,1612.3,17.2,221.1,1374.0
1997,Schwytz,889.0,49.7,209.3,630.0
1997,Soleure,2496.2,33.1,623.1,1840.0
1997,Suisse centrale,5812.4,249.3,1194.1,4369.0
1997,Suisse du Nord-Ouest,8016.2,136.2,1929.0,5951.0
1997,Suisse orientale,12357.1,341.0,3568.1,8448.0
1997,Tessin,3136.8,136.8,1060.0,1940.0
1997,Thurgovie,3174.6,38.5,816.1,2320.0
1997,Total,71086.1,1613.2,18275.9,51197.0
1997,Uri,368.5,67.5,180.0,121.0
1997,Valais,4190.5,97.5,2062.0,2031.0
1997,Vaud,7684.3,183.9,2301.4,5199.0
1997,Zoug,556.7,17.7,141.0,398.0
1997,Zurich,7268.6,121.6,1671.0,5476.0
1998,Appenzell Rh.-Ext.,431.9,0.0,228.9,203.0
1998,Appenzell Rh.-Int.,139.4,0.0,48.4,91.0
1998,Argovie,5589.0,99.3,1149.7,4340.0
1998,Berne,11878.2,183.0,2085.2,9610.0
1998,Bâle-Campagne,2052.2,30.2,472.0,1550.0
1998,Bâle-Ville,375.0,6.7,307.3,61.0
1998,Espace Mittelland,21294.4,342.3,4233.1,16719.0
1998,Fribourg,3424.8,73.3,633.5,2718.0
1998,Genève,1358.2,27.2,267.0,1064.0
1998,Glaris,408.0,16.6,125.4,266.0
1998,Grisons,3677.7,128.5,1503.2,2046.0
1998,Jura,1650.6,22.6,443.0,1185.0
1998,Lucerne,3314.5,58.5,596.0,2660.0
1998,Neuchâtel,1844.6,30.3,448.3,1366.0
1998,Nidwald,238.0,23.8,74.2,140.0
1998,Obwald,529.7,32.1,77.6,420.0
1998,Région lémanique,13232.7,308.6,4430.1,8494.0
1998,Saint-Gall,2921.0,142.2,630.8,2148.0
1998,Schaffhouse,1612.9,17.2,221.7,1374.0
1998,Schwytz,889.0,49.7,209.3,630.0
1998,Soleure,2496.2,33.1,623.1,1840.0
1998,Suisse centrale,5896.4,249.3,1278.1,4369.0
1998,Suisse du Nord-Ouest,8016.2,136.2,1929.0,5951.0
1998,Suisse orientale,12365.5,343.0,3574.5,8448.0
1998,Tessin,3136.8,136.8,1060.0,1940.0
1998,Thurgovie,3174.6,38.5,816.1,2320.0
1998,Total,71210.6,1637.8,18175.8,51397.0
1998,Uri,368.5,67.5,180.0,121.0
1998,Valais,4190.5,97.5,2029.0,2064.0
1998,Vaud,7684.0,183.9,2134.1,5366.0
1998,Zoug,556.7,17.7,141.0,398.0
1998,Zurich,7268.6,121.6,1671.0,5476.0
1999,Appenzell Rh.-Ext.,431.9,0.0,228.9,203.0
1999,Appenzell Rh.-Int.,139.4,0.0,48.4,91.0
1999,Argovie,5589.0,99.3,1149.7,4340.0
1999,Berne,11883.0,183.0,2090.0,9610.0
1999,Bâle-Campagne,2052.2,30.2,472.0,1550.0
1999,Bâle-Ville,375.0,6.7,307.3,61.0
1999,Espace Mittelland,21317.4,342.3,4256.1,16719.0
1999,Fribourg,3427.3,73.3,636.0,2718.0
1999,Genève,1358.2,27.2,267.0,1064.0
1999,Glaris,408.0,16.6,125.4,266.0
1999,Grisons,3677.7,128.5,1503.2,2046.0
1999,Jura,1650.6,22.6,443.0,1185.0
1999,Lucerne,3228.5,58.5,510.0,2660.0
1999,Neuchâtel,1860.3,30.3,464.0,1366.0
1999,Nidwald,238.0,23.8,74.2,140.0
1999,Obwald,529.7,32.1,77.6,420.0
1999,Région lémanique,13237.0,312.9,4430.1,8494.0
1999,Saint-Gall,2921.0,142.2,630.8,2148.0
1999,Schaffhouse,1612.9,17.2,221.7,1374.0
1999,Schwytz,889.0,49.7,209.3,630.0
1999,Soleure,2496.2,33.1,623.1,1840.0
1999,Suisse centrale,5810.4,249.3,1192.1,4369.0
1999,Suisse du Nord-Ouest,8016.2,136.2,1929.0,5951.0
1999,Suisse orientale,12365.5,343.0,3574.5,8448.0
1999,Tessin,3133.8,136.8,1057.0,1940.0
1999,Thurgovie,3174.6,38.5,816.1,2320.0
1999,Total,71148.9,1642.1,18109.8,51397.0
1999,Uri,368.5,67.5,180.0,121.0
1999,Valais,4194.8,101.8,2029.0,2064.0
1999,Vaud,7684.0,183.9,2134.1,5366.0
1999,Zoug,556.7,17.7,141.0,398.0
1999,Zurich,7268.6,121.6,1671.0,5476.0
2000,Appenzell Rh.-Ext.,432.0,0.0,229.0,203.0
2000,Appenzell Rh.-Int.,139.0,0.0,48.0,91.0
2000,Argovie,5591.3,99.3,1152.0,4340.0
2000,Berne,11883.0,183.0,2090.0,9610.0
2000,Bâle-Campagne,2055.2,30.2,475.0,1550.0
2000,Bâle-Ville,376.7,8.4,307.3,61.0
2000,Espace Mittelland,21315.5,336.5,4260.0,16719.0
2000,Fribourg,3431.3,73.3,640.0,2718.0
2000,Genève,1358.2,27.2,267.0,1064.0
2000,Glaris,407.6,16.6,125.0,266.0
2000,Grisons,3677.5,128.5,1503.0,2046.0
2000,Jura,1650.6,22.6,443.0,1185.0
2000,Lucerne,3228.5,58.5,510.0,2660.0
2000,Neuchâtel,1854.5,24.5,464.0,1366.0
2000,Nidwald,237.8,23.8,74.0,140.0
2000,Obwald,530.1,32.1,78.0,420.0
2000,Région lémanique,13236.9,312.9,4430.0,8494.0
2000,Saint-Gall,2921.2,142.2,631.0,2148.0
2000,Schaffhouse,1613.2,17.2,222.0,1374.0
2000,Schwytz,888.7,49.7,209.0,630.0
2000,Soleure,2496.1,33.1,623.0,1840.0
2000,Suisse centrale,5810.3,249.3,1192.0,4369.0
2000,Suisse du Nord-Ouest,8023.2,137.9,1934.3,5951.0
2000,Suisse orientale,12353.0,343.0,3562.0,8448.0
2000,Tessin,3129.8,136.8,1053.0,1940.0
2000,Thurgovie,3162.5,38.5,804.0,2320.0
2000,Total,71132.3,1638.0,18097.3,51397.0
2000,Uri,368.5,67.5,180.0,121.0
2000,Valais,4194.8,101.8,2029.0,2064.0
2000,Vaud,7683.9,183.9,2134.0,5366.0
2000,Zoug,556.7,17.7,141.0,398.0
2000,Zurich,7263.6,121.6,1666.0,5476.0
2001,Appenzell Rh.-Ext.,432.0,0.0,229.0,203.0
2001,Appenzell Rh.-Int.,139.0,0.0,48.0,91.0
2001,Argovie,5593.3,99.3,1154.0,4340.0
2001,Berne,11893.5,189.5,2094.0,9610.0
2001,Bâle-Campagne,2055.2,30.2,475.0,1550.0
2001,Bâle-Ville,376.7,8.4,307.3,61.0
2001,Espace Mittelland,21342.7,359.7,4264.0,16719.0
2001,Fribourg,3442.2,84.2,640.0,2718.0
2001,Genève,1358.2,27.2,267.0,1064.0
2001,Glaris,407.6,16.6,125.0,266.0
2001,Grisons,3677.5,128.5,1503.0,2046.0
2001,Jura,1650.6,22.6,443.0,1185.0
2001,Lucerne,3226.5,58.5,508.0,2660.0
2001,Neuchâtel,1860.3,30.3,464.0,1366.0
2001,Nidwald,237.8,23.8,74.0,140.0
2001,Obwald,530.1,32.1,78.0,420.0
2001,Région lémanique,13242.1,325.1,4423.0,8494.0
2001,Saint-Gall,2923.2,140.2,635.0,2148.0
2001,Schaffhouse,1613.2,17.2,222.0,1374.0
2001,Schwytz,888.7,49.7,209.0,630.0
2001,Soleure,2496.1,33.1,623.0,1840.0
2001,Suisse centrale,5810.3,251.3,1190.0,4369.0
2001,Suisse du Nord-Ouest,8025.2,137.9,1936.3,5951.0
2001,Suisse orientale,12355.0,341.0,3566.0,8448.0
2001,Tessin,3133.8,136.8,1057.0,1940.0
2001,Thurgovie,3162.5,38.5,804.0,2320.0
2001,Total,71185.7,1673.4,18115.3,51397.0
2001,Uri,370.5,69.5,180.0,121.0
2001,Valais,4185.8,101.8,2020.0,2064.0
2001,Vaud,7698.1,196.1,2136.0,5366.0
2001,Zoug,556.7,17.7,141.0,398.0
2001,Zurich,7276.6,121.6,1679.0,5476.0
2002,Appenzell Rh.-Ext.,432.0,0.0,229.0,203.0
2002,Appenzell Rh.-Int.,140.0,0.0,49.0,91.0
2002,Argovie,5593.3,99.3,1154.0,4340.0
2002,Berne,11898.6,188.6,2100.0,9610.0
2002,Bâle-Campagne,2055.2,30.2,475.0,1550.0
2002,Bâle-Ville,374.3,9.3,304.0,61.0
2002,Espace Mittelland,21346.6,358.6,4269.0,16719.0
2002,Fribourg,3442.2,84.2,640.0,2718.0
2002,Genève,1358.2,27.2,267.0,1064.0
2002,Glaris,410.6,16.6,128.0,266.0
2002,Grisons,3680.0,162.0,1472.0,2046.0
2002,Jura,1650.4,22.4,443.0,1185.0
2002,Lucerne,3225.3,57.3,508.0,2660.0
2002,Neuchâtel,1863.3,30.3,467.0,1366.0
2002,Nidwald,237.8,23.8,74.0,140.0
2002,Obwald,530.9,32.9,78.0,420.0
2002,Région lémanique,13240.6,324.6,4422.0,8494.0
2002,Saint-Gall,2923.2,140.2,635.0,2148.0
2002,Schaffhouse,1613.2,17.2,222.0,1374.0
2002,Schwytz,888.7,49.7,209.0,630.0
2002,Soleure,2492.1,33.1,619.0,1840.0
2002,Suisse centrale,5810.1,251.1,1190.0,4369.0
2002,Suisse du Nord-Ouest,8022.8,138.8,1933.0,5951.0
2002,Suisse orientale,12361.5,374.5,3539.0,8448.0
2002,Tessin,3133.8,136.8,1036.0,1961.0
2002,Thurgovie,3162.5,38.5,804.0,2320.0
2002,Total,71192.0,1706.0,18048.0,51438.0
2002,Uri,370.5,69.5,180.0,121.0
2002,Valais,4185.3,101.3,2020.0,2064.0
2002,Vaud,7697.1,196.1,2135.0,5366.0
2002,Zoug,556.9,17.9,141.0,398.0
2002,Zurich,7276.6,121.6,1659.0,5496.0
2003,Appenzell Rh.-Ext.,432.0,0.0,229.0,203.0
2003,Appenzell Rh.-Int.,140.0,0.0,49.0,91.0
2003,Argovie,5593.3,99.3,1154.0,4340.0
2003,Berne,11889.5,189.5,2090.0,9610.0
2003,Bâle-Campagne,2055.2,30.2,475.0,1550.0
2003,Bâle-Ville,376.5,11.5,304.0,61.0
2003,Espace Mittelland,21362.6,384.6,4259.0,16719.0
2003,Fribourg,3442.2,84.2,640.0,2718.0
2003,Genève,1358.2,27.2,267.0,1064.0
2003,Glaris,410.6,16.6,128.0,266.0
2003,Grisons,3680.0,162.0,1472.0,2046.0
2003,Jura,1657.3,29.3,443.0,1185.0
2003,Lucerne,3225.3,57.3,508.0,2660.0
2003,Neuchâtel,1870.8,37.8,467.0,1366.0
2003,Nidwald,239.8,25.8,74.0,140.0
2003,Obwald,531.9,33.9,78.0,420.0
2003,Région lémanique,13248.7,332.7,4422.0,8494.0
2003,Saint-Gall,2928.2,140.2,640.0,2148.0
2003,Schaffhouse,1613.2,17.2,222.0,1374.0
2003,Schwytz,888.7,49.7,209.0,630.0
2003,Soleure,2502.8,43.8,619.0,1840.0
2003,Suisse centrale,5816.6,257.6,1190.0,4369.0
2003,Suisse du Nord-Ouest,8025.0,141.0,1933.0,5951.0
2003,Suisse orientale,12374.7,382.7,3536.0,8456.0
2003,Tessin,3152.8,136.8,1055.0,1961.0
2003,Thurgovie,3170.7,46.7,796.0,2328.0
2003,Total,71292.8,1758.8,18088.0,51446.0
2003,Uri,373.0,72.0,180.0,121.0
2003,Valais,4185.3,101.3,2020.0,2064.0
2003,Vaud,7705.2,204.2,2135.0,5366.0
2003,Zoug,557.9,18.9,141.0,398.0
2003,Zurich,7312.4,123.4,1693.0,5496.0
2004,Appenzell Rh.-Ext.,432.0,0.0,229.0,203.0
2004,Appenzell Rh.-Int.,140.0,0.0,49.0,91.0
2004,Argovie,5593.3,99.3,1154.0,4340.0
2004,Berne,11896.7,196.7,2090.0,9610.0
2004,Bâle-Campagne,2055.2,30.2,475.0,1550.0
2004,Bâle-Ville,373.4,8.4,304.0,61.0
2004,Espace Mittelland,21358.3,379.3,4260.0,16719.0
2004,Fribourg,3443.2,84.2,641.0,2718.0
2004,Genève,1358.2,27.2,267.0,1064.0
2004,Glaris,410.7,16.6,128.1,266.0
2004,Grisons,3680.0,162.0,1472.0,2046.0
2004,Jura,1650.6,22.6,443.0,1185.0
2004,Lucerne,3228.5,58.5,510.0,2660.0
2004,Neuchâtel,1865.0,32.0,467.0,1366.0
2004,Nidwald,237.8,23.8,74.0,140.0
2004,Obwald,532.9,32.9,80.0,420.0
2004,Région lémanique,13263.6,327.6,4442.0,8494.0
2004,Saint-Gall,2927.8,139.8,640.0,2148.0
2004,Schaffhouse,1612.9,17.2,221.7,1374.0
2004,Schwytz,888.7,49.7,209.0,630.0
2004,Soleure,2502.3,43.8,618.5,1840.0
2004,Suisse centrale,5813.1,252.1,1192.0,4369.0
2004,Suisse du Nord-Ouest,8021.9,137.9,1933.0,5951.0
2004,Suisse orientale,12379.4,378.4,3545.0,8456.0
2004,Tessin,3149.8,136.8,1052.0,1961.0
2004,Thurgovie,3175.8,42.8,805.0,2328.0
2004,Total,71297.0,1733.7,18117.0,51446.0
2004,Uri,370.5,69.5,180.0,121.0
2004,Valais,4188.3,104.3,2020.0,2064.0
2004,Vaud,7717.1,196.1,2155.0,5366.0
2004,Zoug,554.7,17.7,139.0,398.0
2004,Zurich,7310.6,121.6,1693.0,5496.0
2005,Appenzell Rh.-Ext.,432.0,0.0,229.0,203.0
2005,Appenzell Rh.-Int.,141.0,0.0,50.0,91.0
2005,Argovie,5593.3,99.3,1154.0,4340.0
2005,Berne,11899.7,196.7,2093.0,9610.0
2005,Bâle-Campagne,2055.2,30.2,475.0,1550.0
2005,Bâle-Ville,373.4,8.4,304.0,61.0
2005,Espace Mittelland,21372.7,391.2,4262.5,16719.0
2005,Fribourg,3443.2,84.2,641.0,2718.0
2005,Genève,1349.2,27.2,258.0,1064.0
2005,Glaris,410.7,16.6,128.1,266.0
2005,Grisons,3680.3,162.3,1472.0,2046.0
2005,Jura,1656.7,28.7,443.0,1185.0
2005,Lucerne,3228.5,58.5,510.0,2660.0
2005,Neuchâtel,1870.8,37.8,467.0,1366.0
2005,Nidwald,237.8,23.8,74.0,140.0
2005,Obwald,532.9,32.9,80.0,420.0
2005,Région lémanique,13235.8,336.8,4405.0,8494.0
2005,Saint-Gall,2929.8,139.8,642.0,2148.0
2005,Schaffhouse,1612.9,17.2,221.7,1374.0
2005,Schwytz,888.7,49.7,209.0,630.0
2005,Soleure,2502.3,43.8,618.5,1840.0
2005,Suisse centrale,5813.1,252.1,1192.0,4369.0
2005,Suisse du Nord-Ouest,8021.9,137.9,1933.0,5951.0
2005,Suisse orientale,12389.5,378.7,3554.8,8456.0
2005,Tessin,3147.8,136.8,1050.0,1961.0
2005,Thurgovie,3182.8,42.8,812.0,2328.0
2005,Total,71296.0,1755.7,18094.3,51446.0
2005,Uri,370.5,69.5,180.0,121.0
2005,Valais,4188.3,104.3,2020.0,2064.0
2005,Vaud,7698.3,205.3,2127.0,5366.0
2005,Zoug,554.7,17.7,139.0,398.0
2005,Zurich,7315.2,122.2,1697.0,5496.0
2006,Appenzell Rh.-Ext.,432.0,0.0,229.0,203.0
2006,Appenzell Rh.-Int.,141.0,0.0,50.0,91.0
2006,Argovie,5593.3,99.3,1154.0,4340.0
2006,Berne,11900.7,196.7,2094.0,9610.0
2006,Bâle-Campagne,2055.2,30.2,475.0,1550.0
2006,Bâle-Ville,373.4,8.4,304.0,61.0
2006,Espace Mittelland,21381.2,391.2,4271.0,16719.0
2006,Fribourg,3443.2,84.2,641.0,2718.0
2006,Genève,1349.2,27.2,258.0,1064.0
2006,Glaris,410.7,16.6,128.1,266.0
2006,Grisons,3680.3,162.3,1472.0,2046.0
2006,Jura,1656.7,28.7,443.0,1185.0
2006,Lucerne,3228.5,58.5,510.0,2660.0
2006,Neuchâtel,1877.8,37.8,474.0,1366.0
2006,Nidwald,237.8,23.8,74.0,140.0
2006,Obwald,532.9,32.9,80.0,420.0
2006,Région lémanique,13231.8,336.8,4401.0,8494.0
2006,Saint-Gall,2929.8,139.8,642.0,2148.0
2006,Schaffhouse,1612.9,17.2,221.7,1374.0
2006,Schwytz,888.7,49.7,209.0,630.0
2006,Soleure,2502.3,43.8,618.5,1840.0
2006,Suisse centrale,5813.1,252.1,1192.0,4369.0
2006,Suisse du Nord-Ouest,8021.9,137.9,1933.0,5951.0
2006,Suisse orientale,12384.7,378.7,3550.0,8456.0
2006,Tessin,3146.8,136.8,1049.0,1961.0
2006,Thurgovie,3177.8,42.8,807.0,2328.0
2006,Total,71321.2,1758.2,18117.0,51446.0
2006,Uri,370.5,69.5,180.0,121.0
2006,Valais,4184.3,104.3,2016.0,2064.0
2006,Vaud,7698.3,205.3,2127.0,5366.0
2006,Zoug,554.7,17.7,139.0,398.0
2006,Zurich,7341.7,124.7,1721.0,5496.0
2007,Appenzell Rh.-Ext.,431.0,0.0,228.0,203.0
2007,Appenzell Rh.-Int.,141.0,0.0,50.0,91.0
2007,Argovie,5593.3,99.3,1154.0,4340.0
2007,Berne,11921.8,200.8,2111.0,9610.0
2007,Bâle-Campagne,2055.2,30.2,475.0,1550.0
2007,Bâle-Ville,374.5,9.5,304.0,61.0
2007,Espace Mittelland,21404.5,395.5,4290.0,16719.0
2007,Fribourg,3443.2,84.2,641.0,2718.0
2007,Genève,1358.2,27.2,267.0,1064.0
2007,Glaris,410.7,16.6,128.1,266.0
2007,Grisons,3680.3,162.3,1472.0,2046.0
2007,Jura,1656.9,28.9,443.0,1185.0
2007,Lucerne,3228.5,58.5,510.0,2660.0
2007,Neuchâtel,1879.8,37.8,476.0,1366.0
2007,Nidwald,237.8,23.8,74.0,140.0
2007,Obwald,532.9,32.9,80.0,420.0
2007,Région lémanique,13242.8,336.8,4412.0,8494.0
2007,Saint-Gall,2929.8,139.8,642.0,2148.0
2007,Schaffhouse,1612.9,17.2,221.7,1374.0
2007,Schwytz,888.7,49.7,209.0,630.0
2007,Soleure,2502.3,43.8,618.5,1840.0
2007,Suisse centrale,5813.1,252.1,1192.0,4369.0
2007,Suisse du Nord-Ouest,8023.0,139.0,1933.0,5951.0
2007,Suisse orientale,12385.7,378.7,3551.0,8456.0
2007,Tessin,3147.0,136.8,1049.0,1961.0
2007,Thurgovie,3179.8,42.8,809.0,2328.0
2007,Total,71369.6,1763.6,18160.0,51446.0
2007,Uri,370.5,69.5,180.0,121.0
2007,Valais,4186.3,104.3,2018.0,2064.0
2007,Vaud,7698.3,205.3,2127.0,5366.0
2007,Zoug,554.7,17.7,139.0,398.0
2007,Zurich,7353.7,124.7,1733.0,5496.0
2008,Appenzell Rh.-Ext.,431.0,0.0,227.0,204.0
2008,Appenzell Rh.-Int.,141.0,0.0,50.0,91.0
2008,Argovie,5597.0,99.3,1154.0,4344.0
2008,Berne,11921.8,200.8,2109.0,9612.0
2008,Bâle-Campagne,2055.2,30.2,475.0,1550.0
2008,Bâle-Ville,375.5,9.5,305.0,61.0
2008,Espace Mittelland,21407.5,395.5,4284.0,16728.0
2008,Fribourg,3444.2,84.2,642.0,2718.0
2008,Genève,1358.2,27.2,267.0,1064.0
2008,Glaris,410.6,16.6,128.0,266.0
2008,Grisons,3680.3,162.3,1433.0,2085.0
2008,Jura,1656.9,28.9,443.0,1185.0
2008,Lucerne,3236.5,58.5,518.0,2660.0
2008,Neuchâtel,1880.8,37.8,477.678,1366.0
2008,Nidwald,239.8,25.8,74.0,140.0
2008,Obwald,532.9,32.9,80.0,420.0
2008,Région lémanique,13243.0,336.8,4411.2,8495.0
2008,Saint-Gall,2929.8,139.8,642.0,2148.0
2008,Schaffhouse,1613.2,17.2,222.0,1374.0
2008,Schwytz,888.7,49.7,209.0,630.0
2008,Soleure,2502.8,43.8,612.0,1847.0
2008,Suisse centrale,5823.1,254.1,1200.0,4369.0
2008,Suisse du Nord-Ouest,8028.0,139.0,1934.0,5955.0
2008,Suisse orientale,12385.7,378.7,3505.0,8502.0
2008,Tessin,3146.8,136.8,1049.0,1961.0
2008,Thurgovie,3179.8,42.8,803.0,2334.0
2008,Total,71388.0,1765.6,18116.0,51506.0
2008,Uri,370.5,69.5,180.0,121.0
2008,Valais,4186.3,104.3,2018.0,2064.0
2008,Vaud,7698.5,205.3,2126.2,5367.0
2008,Zoug,554.7,17.7,139.0,398.0
2008,Zurich,7353.7,124.7,1733.0,5496.0
2009,Appenzell Rh.-Ext.,431.0,0.0,227.0,204.0
2009,Appenzell Rh.-Int.,141.0,0.0,50.0,91.0
2009,Argovie,5597.0,99.3,1154.0,4344.0
2009,Berne,11921.8,200.8,2109.0,9612.0
2009,Bâle-Campagne,2055.0,30.2,472.0,1553.0
2009,Bâle-Ville,375.5,9.5,305.0,61.0
2009,Espace Mittelland,21407.5,395.5,4282.0,16730.0
2009,Fribourg,3444.2,84.2,640.0,2720.0
2009,Genève,1358.2,27.2,267.0,1064.0
2009,Glaris,410.6,16.6,128.0,266.0
2009,Grisons,3680.3,162.3,1427.0,2091.0
2009,Jura,1656.9,28.9,443.0,1185.0
2009,Lucerne,3236.5,58.5,518.0,2660.0
2009,Neuchâtel,1882.0,37.8,478.0,1366.0
2009,Nidwald,239.8,25.8,74.0,140.0
2009,Obwald,532.9,32.9,80.0,420.0
2009,Région lémanique,13248.8,336.8,4414.0,8498.0
2009,Saint-Gall,2968.0,139.8,680.0,2148.0
2009,Schaffhouse,1613.2,17.2,222.0,1374.0
2009,Schwytz,888.7,49.7,209.0,630.0
2009,Soleure,2502.8,43.8,612.0,1847.0
2009,Suisse centrale,5823.1,254.1,1172.0,4397.0
2009,Suisse du Nord-Ouest,8028.0,139.0,1931.0,5958.0
2009,Suisse orientale,12426.0,378.7,3539.0,8508.0
2009,Tessin,3146.8,136.8,1049.0,1961.0
2009,Thurgovie,3181.8,42.8,805.0,2334.0
2009,Total,71457.0,1789.1,18053.0,51615.0
2009,Uri,370.5,69.5,152.0,149.0
2009,Valais,4192.3,104.3,2024.0,2064.0
2009,Vaud,7698.3,205.3,2123.0,5370.0
2009,Zoug,554.7,17.7,139.0,398.0
2009,Zurich,7377.2,148.2,1666.0,5563.0
2010,Appenzell Rh.-Ext.,431.0,0.0,227.0,204.0
2010,Appenzell Rh.-Int.,141.0,0.0,50.0,91.0
2010,Argovie,5597.0,99.3,1154.0,4344.0
2010,Berne,11907.0,200.8,2094.0,9612.0
2010,Bâle-Campagne,2055.0,30.2,472.0,1553.0
2010,Bâle-Ville,376.0,9.5,305.0,61.0
2010,Espace Mittelland,21393.0,395.5,4267.0,16730.0
2010,Fribourg,3444.0,84.2,640.0,2720.0
2010,Genève,1358.0,27.2,267.0,1064.0
2010,Glaris,412.0,16.6,129.0,266.0
2010,Grisons,3681.0,162.3,1428.0,2091.0
2010,Jura,1657.0,28.9,443.0,1185.0
2010,Lucerne,3237.0,58.5,518.0,2660.0
2010,Neuchâtel,1882.0,37.8,478.0,1366.0
2010,Nidwald,240.0,25.8,74.0,140.0
2010,Obwald,534.0,33.9,80.0,420.0
2010,Région lémanique,13255.0,336.8,4420.0,8498.0
2010,Saint-Gall,2968.0,139.8,680.0,2148.0
2010,Schaffhouse,1613.0,17.2,222.0,1374.0
2010,Schwytz,889.0,49.7,209.0,630.0
2010,Soleure,2503.0,43.8,612.0,1847.0
2010,Suisse centrale,5823.0,254.1,1172.0,4397.0
2010,Suisse du Nord-Ouest,8028.0,139.0,1931.0,5958.0
2010,Suisse orientale,12428.0,378.7,3534.0,8515.0
2010,Tessin,3148.0,136.8,1050.0,1961.0
2010,Thurgovie,3182.0,42.8,798.0,2341.0
2010,Total,71452.0,1790.0,18040.0,51622.0
2010,Uri,371.0,69.5,152.0,149.0
2010,Valais,4198.0,104.3,2030.0,2064.0
2010,Vaud,7698.0,205.3,2123.0,5370.0
2010,Zoug,555.0,17.7,139.0,398.0
2010,Zurich,7377.0,148.2,1666.0,5563.0
2011,Appenzell Rh.-Ext.,431.0,0.0,227.0,204.0
2011,Appenzell Rh.-Int.,141.0,0.0,50.0,91.0
2011,Argovie,5597.0,99.3,1154.0,4344.0
2011,Berne,11908.0,202.0,2094.0,9612.0
2011,Bâle-Campagne,2055.0,30.2,472.0,1553.0
2011,Bâle-Ville,376.0,9.5,305.0,61.0
2011,Espace Mittelland,21398.3,401.3,4237.0,16760.0
2011,Fribourg,3444.0,84.2,640.0,2720.0
2011,Genève,1358.0,27.2,267.0,1064.0
2011,Glaris,412.0,16.6,129.0,266.0
2011,Grisons,3681.0,162.3,1422.0,2097.0
2011,Jura,1662.0,33.5,443.0,1185.0
2011,Lucerne,3240.0,58.5,521.0,2660.0
2011,Neuchâtel,1882.0,37.8,448.0,1396.0
2011,Nidwald,240.0,25.8,74.0,140.0
2011,Obwald,534.0,33.9,80.0,420.0
2011,Région lémanique,13254.8,336.8,4410.0,8508.0
2011,Saint-Gall,2968.0,139.8,680.0,2148.0
2011,Schaffhouse,1613.0,17.2,222.0,1374.0
2011,Schwytz,889.0,49.7,209.0,630.0
2011,Soleure,2503.0,43.8,612.0,1847.0
2011,Suisse centrale,5827.1,255.1,1175.0,4397.0
2011,Suisse du Nord-Ouest,8028.0,139.0,1931.0,5958.0
2011,Suisse orientale,12427.7,378.7,3528.0,8521.0
2011,Tessin,3148.0,136.8,1050.0,1961.0
2011,Thurgovie,3182.0,42.8,798.0,2341.0
2011,Total,71464.0,1799.0,17997.0,51668.0
2011,Uri,371.0,69.5,152.0,149.0
2011,Valais,4198.0,104.3,2020.0,2074.0
2011,Vaud,7698.0,205.3,2123.0,5370.0
2011,Zoug,555.0,17.7,139.0,398.0
2011,Zurich,7380.0,151.0,1666.0,5563.0
2012,Appenzell Rh.-Ext.,431.0,0.0,227.0,204.0
2012,Appenzell Rh.-Int.,141.0,0.0,50.0,91.0
2012,Argovie,5597.0,99.3,1156.0,4342.0
2012,Berne,11912.0,205.7,2094.0,9612.0
2012,Bâle-Campagne,2055.0,30.2,472.0,1553.0
2012,Bâle-Ville,376.0,9.5,305.0,61.0
2012,Espace Mittelland,21402.0,405.0,4237.0,16760.0
2012,Fribourg,3444.0,84.2,640.0,2720.0
2012,Genève,1358.0,27.2,267.0,1064.0
2012,Glaris,412.0,16.6,129.0,266.0
2012,Grisons,3684.0,164.9,1422.0,2097.0
2012,Jura,1662.0,33.5,443.0,1185.0
2012,Lucerne,3240.0,58.5,521.0,2660.0
2012,Neuchâtel,1881.8,37.8,448.0,1396.0
2012,Nidwald,240.0,25.8,74.0,140.0
2012,Obwald,540.0,37.4,83.0,420.0
2012,Région lémanique,13268.0,336.8,4364.0,8567.0
2012,Saint-Gall,2968.0,139.8,680.0,2148.0
2012,Schaffhouse,1613.0,17.2,222.0,1374.0
2012,Schwytz,895.0,49.7,215.0,630.0
2012,Soleure,2503.0,43.8,612.0,1847.0
2012,Suisse centrale,5840.0,259.0,1182.0,4399.0
2012,Suisse du Nord-Ouest,8028.0,139.0,1933.0,5956.0
2012,Suisse orientale,12430.0,381.0,3528.0,8521.0
2012,Tessin,3148.0,136.8,1056.0,1955.0
2012,Thurgovie,3182.0,42.8,798.0,2341.0
2012,Total,71512.5,1808.5,17983.0,51721.0
2012,Uri,371.0,69.5,152.0,149.0
2012,Valais,4198.0,104.3,1961.0,2133.0
2012,Vaud,7711.0,205.3,2136.0,5370.0
2012,Zoug,555.0,17.7,137.0,400.0
2012,Zurich,7397.0,151.0,1683.0,5563.0
2013,Appenzell Rh.-Ext.,431.0,0.0,227.0,204.0
2013,Appenzell Rh.-Int.,141.0,0.0,50.0,91.0
2013,Argovie,5597.0,99.3,1174.0,4324.0
2013,Berne,11915.0,208.8,2100.0,9606.0
2013,Bâle-Campagne,2064.0,30.2,476.0,1558.0
2013,Bâle-Ville,376.0,9.5,305.0,61.0
2013,Espace Mittelland,21405.0,408.0,4243.0,16754.0
2013,Fribourg,3444.0,84.2,640.0,2720.0
2013,Genève,1358.0,27.2,267.0,1064.0
2013,Glaris,412.0,16.6,129.0,266.0
2013,Grisons,3684.0,164.9,1422.0,2097.0
2013,Jura,1662.0,33.5,443.0,1185.0
2013,Lucerne,3240.0,58.5,521.0,2660.0
2013,Neuchâtel,1881.8,37.8,448.0,1396.0
2013,Nidwald,240.0,25.8,74.0,140.0
2013,Obwald,540.0,37.4,83.0,420.0
2013,Région lémanique,13268.0,336.8,4278.0,8653.0
2013,Saint-Gall,2968.0,139.8,680.0,2148.0
2013,Schaffhouse,1615.0,17.2,224.0,1374.0
2013,Schwytz,895.0,49.7,215.0,630.0
2013,Soleure,2503.0,43.8,612.0,1847.0
2013,Suisse centrale,5840.0,259.0,1182.0,4399.0
2013,Suisse du Nord-Ouest,8037.0,139.0,1955.0,5943.0
2013,Suisse orientale,12432.0,381.0,3530.0,8521.0
2013,Tessin,3148.0,136.8,1055.0,1956.0
2013,Thurgovie,3182.0,42.8,798.0,2341.0
2013,Total,71527.0,1812.0,17896.0,51819.0
2013,Uri,371.0,69.5,152.0,149.0
2013,Valais,4198.0,104.3,1875.0,2219.0
2013,Vaud,7711.0,205.3,2136.0,5370.0
2013,Zoug,555.0,17.7,137.0,400.0
2013,Zurich,7397.0,151.0,1653.0,5593.0
2014,Appenzell Rh.-Ext.,431.0,0.0,227.0,204.0
2014,Appenzell Rh.-Int.,141.0,0.0,62.0,79.0
2014,Argovie,5597.0,99.3,1174.0,4324.0
2014,Berne,11914.8,208.8,2097.0,9609.0
2014,Bâle-Campagne,2064.2,30.2,476.0,1558.0
2014,Bâle-Ville,375.5,9.5,305.0,61.0
2014,Espace Mittelland,21422.0,419.0,4242.0,16761.0
2014,Fribourg,3444.2,84.2,636.0,2724.0
2014,Genève,1358.2,27.2,267.0,1064.0
2014,Glaris,412.0,16.6,129.0,266.0
2014,Grisons,3685.1,166.1,1422.0,2097.0
2014,Jura,1676.3,42.3,449.0,1185.0
2014,Lucerne,3239.5,58.5,521.0,2660.0
2014,Neuchâtel,1883.5,39.5,448.0,1396.0
2014,Nidwald,239.8,25.8,74.0,140.0
2014,Obwald,540.4,37.4,83.0,420.0
2014,Région lémanique,13268.0,337.0,4278.0,8653.0
2014,Saint-Gall,2968.8,139.8,681.0,2148.0
2014,Schaffhouse,1615.0,17.2,224.0,1374.0
2014,Schwytz,897.7,49.7,218.0,630.0
2014,Soleure,2502.8,43.8,612.0,1847.0
2014,Suisse centrale,5844.0,259.0,1186.0,4399.0
2014,Suisse du Nord-Ouest,8037.0,139.0,1955.0,5943.0
2014,Suisse orientale,12439.0,383.0,3547.0,8509.0
2014,Tessin,3148.0,136.8,1055.0,1956.0
2014,Thurgovie,3185.8,42.8,802.0,2341.0
2014,Total,71553.3,1823.3,17916.0,51814.0
2014,Uri,370.5,69.5,152.0,149.0
2014,Valais,4198.3,104.3,1875.0,2219.0
2014,Vaud,7711.3,205.3,2136.0,5370.0
2014,Zoug,555.7,17.7,138.0,400.0
2014,Zurich,7397.0,151.0,1653.0,5593.0
2015,Appenzell Rh.-Ext.,431.0,0.0,227.0,204.0
2015,Appenzell Rh.-Int.,141.0,0.0,62.0,79.0
2015,Argovie,5597.0,99.3,1174.0,4324.0
2015,Berne,11914.8,208.8,2097.0,9609.0
2015,Bâle-Campagne,2064.2,30.2,476.0,1558.0
2015,Bâle-Ville,375.5,9.5,305.0,61.0
2015,Espace Mittelland,21421.6,418.6,4243.0,16760.0
2015,Fribourg,3444.2,84.2,636.0,2724.0
2015,Genève,1357.2,27.2,266.0,1064.0
2015,Glaris,412.0,16.6,129.0,266.0
2015,Grisons,3685.1,166.1,1420.0,2099.0
2015,Jura,1676.3,42.3,449.0,1185.0
2015,Lucerne,3239.5,58.5,521.0,2660.0
2015,Neuchâtel,1883.5,39.5,449.0,1395.0
2015,Nidwald,239.8,25.8,74.0,140.0
2015,Obwald,540.4,37.4,83.0,420.0
2015,Région lémanique,13266.8,336.8,4268.0,8662.0
2015,Saint-Gall,2968.8,139.8,678.0,2151.0
2015,Schaffhouse,1615.0,17.2,224.0,1374.0
2015,Schwytz,897.7,49.7,218.0,630.0
2015,Soleure,2502.8,43.8,612.0,1847.0
2015,Suisse centrale,5843.6,258.6,1186.0,4399.0
2015,Suisse du Nord-Ouest,8037.0,139.0,1955.0,5943.0
2015,Suisse orientale,12438.5,382.50000000000006,3542.0,8514.0
2015,Tessin,3147.8,136.8,1054.0,1957.0
2015,Thurgovie,3185.8,42.8,802.0,2341.0
2015,Total,71519.3,1823.3,17868.0,51828.0
2015,Uri,370.5,69.5,152.0,149.0
2015,Valais,4198.3,104.3,1866.0,2228.0
2015,Vaud,7711.0,205.3,2136.0,5370.0
2015,Zoug,555.7,17.7,138.0,400.0
2015,Zurich,7364.0,151.0,1620.0,5593.0
2016,Appenzell Rh.-Ext.,431.0,0.0,227.0,204.0
2016,Appenzell Rh.-Int.,141.0,0.0,62.0,79.0
2016,Argovie,5596.3,99.3,1173.0,4324.0
2016,Berne,11914.8,208.8,2086.0,9620.0
2016,Bâle-Campagne,2064.2,30.2,476.0,1558.0
2016,Bâle-Ville,375.5,9.5,305.0,61.0
2016,Espace Mittelland,21426.5,423.5,4232.0,16771.0
2016,Fribourg,3444.2,84.2,636.0,2724.0
2016,Genève,1357.2,27.2,266.0,1064.0
2016,Glaris,411.6,16.6,129.0,266.0
2016,Grisons,3688.2,169.2,1423.0,2096.0
2016,Jura,1681.2,47.2,449.0,1185.0
2016,Lucerne,3239.5,58.5,522.0,2659.0
2016,Neuchâtel,1883.5,39.5,449.0,1395.0
2016,Nidwald,239.8,25.8,74.0,140.0
2016,Obwald,540.4,37.4,83.0,420.0
2016,Région lémanique,13273.8,343.8,4257.0,8673.0
2016,Saint-Gall,2968.8,139.8,678.0,2151.0
2016,Schaffhouse,1615.2,17.2,224.0,1374.0
2016,Schwytz,897.7,49.7,218.0,630.0
2016,Soleure,2502.8,43.8,612.0,1847.0
2016,Suisse centrale,5843.6,258.6,1187.0,4398.0
2016,Suisse du Nord-Ouest,8036.0,139.0,1954.0,5943.0
2016,Suisse orientale,12441.6,385.6,3545.0,8511.0
2016,Tessin,3154.9,138.9,1059.0,1957.0
2016,Thurgovie,3185.8,42.8,802.0,2341.0
2016,Total,71540.4,1840.4,17854.0,51846.0
2016,Uri,370.5,69.5,152.0,149.0
2016,Valais,4205.3,111.3,1860.0,2234.0
2016,Vaud,7711.3,205.3,2131.0,5375.0
2016,Zoug,555.7,17.7,138.0,400.0
2016,Zurich,7364.0,151.0,1620.0,5593.0
