,age,sexe,1992,1993,1994,1995,1996,1997,1998,1999,2000,2001,2002,2003,2004,2005,2006,2007,2008,2009,2010
0,Age - Total,Sexe - Total,6943095,6988858,7036852,7080948,7105446,7113373,7131888,7166738,7209042,7285214,7342981,7405051,7454112,7501255,7557609,7618599,7711056,7801278,7877571
1,Age - Total,Homme,3409670,3426199,3447614,3467945,3477147,3478179,3486789,3505087,3527033,3569257,3599446,3632015,3657517,3682520,3714697,3748587,3798705,3846081,3885339
2,Age - Total,Femme,3533425,3562659,3589238,3613003,3628299,3635194,3645099,3661651,3682009,3715957,3743535,3773036,3796595,3818735,3842912,3870012,3912351,3955197,3992232
3,0 ans,Sexe - Total,85590,84331,82437,81806,81982,81207,78972,77971,77755,74745,71924,71769,72223,72690,72798,73585,75354,77081,78858
4,0 ans,Homme,43836,43172,42277,41909,42038,41687,40469,40003,39980,38427,37000,36913,37014,37295,37470,37793,38757,39777,40557
5,0 ans,Femme,41754,41159,40160,39897,39944,39520,38503,37968,37775,36318,34924,34856,35209,35395,35328,35792,36597,37304,38301
6,1 an,Sexe - Total,84265,85630,84586,82821,82060,81982,81133,79393,78649,72780,72336,72451,72117,72381,73021,73022,74293,76208,77826
7,1 an,Homme,43230,43911,43328,42489,42030,42030,41612,40656,40346,37472,37229,37320,37109,37122,37477,37608,38171,39169,40165
8,1 an,Femme,41035,41719,41258,40332,40030,39952,39521,38737,38303,35308,35107,35131,35008,35259,35544,35414,36122,37039,37661
9,2 ans,Sexe - Total,82835,85281,86347,85120,83076,81963,81783,81172,79627,77542,74481,73041,73134,72604,72876,73702,74341,75451,77178
10,2 ans,Homme,42427,43809,44319,43661,42672,42011,41930,41679,40833,39747,38294,37591,37670,37362,37375,37823,38275,38754,39692
11,2 ans,Femme,40408,41472,42028,41459,40404,39952,39853,39493,38794,37795,36187,35450,35464,35242,35501,35879,36066,36697,37486
12,3 ans,Sexe - Total,81802,83844,86178,87026,85445,83035,81896,81897,81377,78709,76958,75112,73575,73502,72994,73381,74807,75184,76184
13,3 ans,Homme,41941,43006,44307,44687,43837,42702,42003,41994,41780,40315,39468,38655,37922,37900,37565,37659,38443,38717,39122
14,3 ans,Femme,39861,40838,41871,42339,41608,40333,39893,39903,39597,38394,37490,36457,35653,35602,35429,35722,36364,36467,37062
15,4 ans,Sexe - Total,80352,82726,84634,86803,87316,85379,82937,81977,82045,80628,78466,77514,75648,74005,73893,73508,74450,75640,75878
16,4 ans,Homme,41151,42472,43480,44673,44836,43834,42689,42086,42101,41411,40214,39788,38957,38140,38108,37842,38223,38908,39119
17,4 ans,Femme,39201,40254,41154,42130,42480,41545,40248,39891,39944,39217,38252,37726,36691,35865,35785,35666,36227,36732,36759
18,5 ans,Sexe - Total,79117,81472,83718,85433,86984,86934,84885,82506,81477,81234,80578,79062,78122,76088,74408,74384,74534,75252,76407
19,5 ans,Homme,40414,41753,42987,43888,44776,44654,43597,42493,41870,41647,41372,40590,40146,39202,38385,38393,38361,38626,39327
20,5 ans,Femme,38703,39719,40731,41545,42208,42280,41288,40013,39607,39587,39206,38472,37976,36886,36023,35991,36173,36626,37080
21,6 ans,Sexe - Total,78791,80090,82289,84364,85679,86927,86959,85122,82745,81404,81655,81080,79494,78426,76462,74842,75327,75294,75940
22,6 ans,Homme,40124,40942,42173,43342,44034,44786,44727,43795,42642,41739,41884,41662,40834,40319,39403,38643,38897,38750,38973
23,6 ans,Femme,38667,39148,40116,41022,41645,42141,42232,41327,40103,39665,39771,39418,38660,38107,37059,36199,36430,36544,36967
24,7 ans,Sexe - Total,78494,79759,80829,82872,84664,85657,86990,87300,85405,82972,82111,82136,81600,79865,78824,76976,75871,76079,75938
25,7 ans,Homme,40195,40648,41356,42495,43502,44062,44828,44938,43954,42633,42132,42180,41969,41047,40519,39664,39191,39286,39095
26,7 ans,Femme,38299,39111,39473,40377,41162,41595,42162,42362,41451,40339,39979,39956,39631,38818,38305,37312,36680,36793,36843
27,8 ans,Sexe - Total,78034,79415,80577,81463,83323,84877,85827,87344,87629,85452,83464,82656,82565,81924,80246,79285,77953,76628,76723
28,8 ans,Homme,40198,40694,41104,41704,42747,43623,44181,45049,45098,43714,42801,42406,42397,42118,41231,40740,40168,39561,39631
29,8 ans,Femme,37836,38721,39473,39759,40576,41254,41646,42295,42531,41738,40663,40250,40168,39806,39015,38545,37785,37067,37092
30,9 ans,Sexe - Total,78113,79047,80253,81234,81921,83454,85045,86255,87765,87484,85905,84018,83160,82963,82345,80703,80272,78763,77296
31,9 ans,Homme,40044,40726,41154,41492,41962,42833,43700,44418,45275,44776,43939,43095,42695,42611,42349,41490,41240,40580,39925
32,9 ans,Femme,38069,38321,39099,39742,39959,40621,41345,41837,42490,42708,41966,40923,40465,40352,39996,39213,39032,38183,37371
33,10 ans,Sexe - Total,78263,79086,79817,80974,81778,82105,83643,85537,86743,87672,88141,86494,84579,83580,83377,82758,81659,81009,79401
34,10 ans,Homme,40139,40530,41127,41547,41794,42094,42937,43987,44700,45052,45167,44287,43411,42946,42859,42572,42002,41619,40917
35,10 ans,Femme,38124,38556,38690,39427,39984,40011,40706,41550,42043,42620,42974,42207,41168,40634,40518,40186,39657,39390,38484
36,11 ans,Sexe - Total,78285,79243,79933,80557,81484,82002,82372,84193,86011,86509,88188,88651,86943,84946,83981,83772,83667,82419,81745
37,11 ans,Homme,40221,40669,40964,41535,41846,41934,42233,43252,44236,44293,45283,45447,44544,43600,43173,43098,43069,42412,42007
38,11 ans,Femme,38064,38574,38969,39022,39638,40068,40139,40941,41775,42216,42905,43204,42399,41346,40808,40674,40598,40007,39738
39,12 ans,Sexe - Total,77448,79204,80014,80579,81000,81727,82211,82787,84635,86201,87355,88742,89078,87282,85340,84440,84725,84400,83038
40,12 ans,Homme,39643,40743,41133,41363,41786,42009,42083,42493,43526,44202,44808,45574,45688,44733,43820,43385,43579,43448,42749
41,12 ans,Femme,37805,38461,38881,39216,39214,39718,40128,40294,41109,41999,42547,43168,43390,42549,41520,41055,41146,40952,40289
42,13 ans,Sexe - Total,75898,78514,80056,80823,81121,81242,81992,82777,83357,84692,86764,87932,89281,89533,87747,85818,85355,85445,85023
43,13 ans,Homme,38991,40210,41205,41572,41669,41982,42180,42396,42821,43442,44490,45124,45902,45952,44992,44086,43870,43951,43776
44,13 ans,Femme,36907,38304,38851,39251,39452,39260,39812,40381,40536,41250,42274,42808,43379,43581,42755,41732,41485,41494,41247
45,14 ans,Sexe - Total,75794,76867,79266,80755,81333,81396,81587,82571,83337,83251,85247,87420,88547,89746,90013,88269,86763,86109,86067
46,14 ans,Homme,39085,39520,40655,41620,41866,41856,42203,42533,42709,42685,43740,44841,45498,46180,46203,45269,44642,44317,44299
47,14 ans,Femme,36709,37347,38611,39135,39467,39540,39384,40038,40628,40566,41507,42579,43049,43566,43810,43000,42121,41792,41768
48,15 ans,Sexe - Total,76540,76964,77820,80102,81435,81743,81778,82161,83127,83238,84350,87229,89383,90757,92469,92841,90273,88518,87734
49,15 ans,Homme,39294,39723,40023,41132,41981,42083,42075,42533,42855,42469,43234,44849,45922,46636,47623,47659,46373,45599,45160
50,15 ans,Femme,37246,37241,37797,38970,39454,39660,39703,39628,40272,40769,41116,42380,43461,44121,44846,45182,43900,42919,42574
51,16 ans,Sexe - Total,77836,77899,78056,78890,80827,81917,82218,82418,82886,83177,84094,84870,86759,88788,89911,91066,91653,90086,88282
52,16 ans,Homme,39869,39951,40253,40518,41446,42214,42306,42383,42885,42685,42934,43481,44595,45590,46207,46865,47066,46238,45463
53,16 ans,Femme,37967,37948,37803,38372,39381,39703,39912,40035,40001,40492,41160,41389,42164,43198,43704,44201,44587,43848,42819
54,17 ans,Sexe - Total,80430,78963,78833,78892,79458,81167,82346,82831,83039,83228,84233,84956,85622,87424,89404,90528,92103,92479,90847
55,17 ans,Homme,41424,40459,40429,40708,40853,41649,42459,42674,42742,42834,43190,43390,43873,44911,45886,46546,47413,47476,46620
56,17 ans,Femme,39006,38504,38404,38184,38605,39518,39887,40157,40297,40394,41043,41566,41749,42513,43518,43982,44690,45003,44227
57,18 ans,Sexe - Total,83867,81619,80050,79905,79631,79954,81750,83179,83756,83739,84482,85420,85965,86561,88362,90355,91845,93285,93705
58,18 ans,Homme,43166,41995,40942,40896,41051,41079,41894,42834,43098,42884,43465,43764,43845,44242,45279,46319,47174,47948,48038
59,18 ans,Femme,40701,39624,39108,39009,38580,38875,39856,40345,40658,40855,41017,41656,42120,42319,43083,44036,44671,45337,45667
60,19 ans,Sexe - Total,87842,84990,82806,81244,80755,80240,80554,82713,84333,85117,85492,85868,86883,87353,88027,89968,92419,93661,95181
61,19 ans,Homme,44822,43337,42265,41235,41037,41101,41181,42257,43297,43412,43592,44038,44401,44423,44877,45955,47261,47882,48712
62,19 ans,Femme,43020,41653,40541,40009,39718,39139,39373,40456,41036,41705,41900,41830,42482,42930,43150,44013,45158,45779,46469
63,20 ans,Sexe - Total,93067,88981,85994,83816,81912,81298,81020,81668,83968,85949,87074,87397,87760,88498,89023,90038,92483,94625,95690
64,20 ans,Homme,47198,45141,43620,42538,41408,41193,41344,41640,42775,43751,44215,44305,44810,45072,45154,45733,47107,48183,48774
65,20 ans,Femme,45869,43840,42374,41278,40504,40105,39676,40028,41193,42198,42859,43092,42950,43426,43869,44305,45376,46442,46916
66,21 ans,Sexe - Total,97019,93819,90005,87248,84577,82349,81868,82017,82773,85907,87948,89032,89250,89418,90057,90952,92298,94498,96411
67,21 ans,Homme,49126,47289,45490,44145,42734,41507,41404,41767,42077,43299,44556,44966,45051,45480,45783,45978,46828,47996,48944
68,21 ans,Femme,47893,46530,44515,43103,41843,40842,40464,40250,40696,42608,43392,44066,44199,43938,44274,44974,45470,46502,47467
69,22 ans,Sexe - Total,100946,98042,95054,91242,87898,84909,82871,82981,83264,85686,88435,90175,90688,90748,91073,92051,93314,94497,96337
70,22 ans,Homme,50975,49271,47677,45894,44227,42715,41636,41778,42225,43286,44464,45422,45677,45662,46209,46641,47063,47716,48708
71,22 ans,Femme,49971,48771,47377,45348,43671,42194,41235,41203,41039,42400,43971,44753,45011,45086,44864,45410,46251,46781,47629
72,23 ans,Sexe - Total,105938,102134,99243,96310,91925,88315,85670,83985,84369,86763,88429,90721,91871,92465,92695,93400,94845,96145,96812
73,23 ans,Homme,53347,51168,49649,48129,46008,44291,42940,41994,42322,43777,44457,45412,46146,46473,46621,47286,48011,48361,48694
74,23 ans,Femme,52591,50966,49594,48181,45917,44024,42730,41991,42047,42986,43972,45309,45725,45992,46074,46114,46834,47784,48118
75,24 ans,Sexe - Total,110502,107161,103521,100551,96900,92325,89118,86820,85578,88442,89459,90731,92582,93675,94503,95073,96322,97820,98758
76,24 ans,Homme,55876,53617,51672,50094,48172,46061,44586,43405,42681,44322,45039,45485,46242,46965,47519,47770,48730,49350,49600
77,24 ans,Femme,54626,53544,51849,50457,48728,46264,44532,43415,42897,44120,44420,45246,46340,46710,46984,47303,47592,48470,49158
78,25 ans,Sexe - Total,115089,111707,108541,104863,101249,97322,93179,90398,88488,89736,91085,91854,92544,94483,95849,97119,98146,99390,100609
79,25 ans,Homme,58397,56056,54031,52044,50133,48216,46328,45062,44121,44906,45608,45970,46211,47086,47986,48726,49276,50141,50689
80,25 ans,Femme,56692,55651,54510,52819,51116,49106,46851,45336,44367,44830,45477,45884,46333,47397,47863,48393,48870,49249,49920
81,26 ans,Sexe - Total,119383,116394,113071,109959,105691,101517,98067,94413,92078,92700,92493,93538,93844,94581,96961,98471,100244,101433,102104
82,26 ans,Homme,60860,58649,56529,54587,52230,50091,48512,46926,45820,46524,46230,46694,46928,47129,48385,49362,50346,50879,51382
83,26 ans,Femme,58523,57745,56542,55372,53461,51426,49555,47487,46258,46176,46263,46844,46916,47452,48576,49109,49898,50554,50722
84,27 ans,Sexe - Total,122768,120477,117627,114339,110570,105926,102335,99357,96048,96309,95349,94926,95351,95797,96871,99516,101897,103818,104167
85,27 ans,Homme,62858,61070,59070,56960,54664,52174,50459,49142,47714,48326,47775,47286,47479,47895,48377,49742,51181,52070,52192
86,27 ans,Femme,59910,59407,58557,57379,55906,53752,51876,50215,48334,47983,47574,47640,47872,47902,48494,49774,50716,51748,51975
87,28 ans,Sexe - Total,124040,123848,121659,118749,114966,110748,106695,103545,100949,99973,98815,97710,96619,97199,97916,99460,102565,105113,106435
88,28 ans,Homme,63479,63143,61519,59515,57140,54539,52495,51045,49921,50147,49564,48876,48097,48408,48976,49707,51305,52709,53304
89,28 ans,Femme,60561,60705,60140,59234,57826,56209,54200,52500,51028,49826,49251,48834,48522,48791,48940,49753,51260,52404,53131
90,29 ans,Sexe - Total,122414,124882,124936,122695,119348,114892,111422,107954,105157,104427,102136,100789,99215,98294,99115,100159,102202,105596,107621
91,29 ans,Homme,62788,63651,63550,61947,59642,56891,54833,53170,51844,52065,51109,50429,49488,48921,49413,50144,51160,52851,53952
92,29 ans,Femme,59626,61231,61386,60748,59706,58001,56589,54784,53313,52362,51027,50360,49727,49373,49702,50015,51042,52745,53669
93,30 ans,Sexe - Total,120030,123233,125875,125801,123145,119238,115343,112332,109317,109039,106877,104044,102298,100692,99988,101110,102757,104972,107906
94,30 ans,Homme,61615,62949,64058,63922,62092,59402,57068,55339,53911,54528,53403,52009,51124,50312,49885,50472,51565,52632,54056
95,30 ans,Femme,58415,60284,61817,61879,61053,59836,58275,56993,55406,54511,53474,52035,51174,50380,50103,50638,51192,52340,53850
96,31 ans,Sexe - Total,118119,120652,124006,126622,126031,122897,119434,116084,113488,112406,110953,108793,105462,103644,102439,101970,103543,105274,106899
97,31 ans,Homme,60531,61650,63186,64349,63913,61791,59504,57511,56000,56058,55456,54413,52780,51856,51239,50995,51839,52831,53470
98,31 ans,Femme,57588,59002,60820,62273,62118,61106,59930,58573,57488,56348,55497,54380,52682,51788,51200,50975,51704,52443,53429
99,32 ans,Sexe - Total,116289,118482,121183,124467,126853,125804,123161,120118,117151,116971,114443,112696,110050,106664,105080,104115,104179,105946,107213
100,32 ans,Homme,59733,60547,61867,63358,64372,63642,61917,59873,58122,58436,57138,56338,54997,53376,52699,52201,52122,53074,53787
101,32 ans,Femme,56556,57935,59316,61109,62481,62162,61244,60245,59029,58535,57305,56358,55053,53288,52381,51914,52057,52872,53426
102,33 ans,Sexe - Total,113739,116679,119001,121595,124474,126387,125996,123768,121000,120415,118643,116031,113661,111118,108082,106517,106258,106373,107603
103,33 ans,Homme,58660,59742,60753,61985,63258,63965,63731,62237,60322,60342,59360,57984,56828,55580,54227,53556,53369,53289,53910
104,33 ans,Femme,55079,56937,58248,59610,61216,62422,62265,61531,60678,60073,59283,58047,56833,55538,53855,52961,52889,53084,53693
105,34 ans,Sexe - Total,112075,114038,117184,119307,121561,124078,126506,126490,124525,123593,121732,120081,116858,114637,112248,109291,108408,108201,107962
106,34 ans,Homme,57958,58609,59907,60865,61875,62888,63991,63971,62603,62169,61053,60112,58424,57392,56292,54942,54592,54460,54097
107,34 ans,Femme,54117,55429,57277,58442,59686,61190,62515,62519,61922,61424,60679,59969,58434,57245,55956,54349,53816,53741,53865
108,35 ans,Sexe - Total,110600,112237,114306,117404,119245,120969,123961,126813,127091,126586,124679,122964,120909,117690,115586,113396,110931,110197,109490
109,35 ans,Homme,57229,57859,58652,59923,60717,61424,62803,64174,64277,64034,62690,61754,60488,58930,58019,56997,55857,55486,55099
110,35 ans,Femme,53371,54378,55654,57481,58528,59545,61158,62639,62814,62552,61989,61210,60421,58760,57567,56399,55074,54711,54391
111,36 ans,Sexe - Total,108024,110605,112411,114387,117147,118718,120755,124034,127115,128372,127454,125861,123582,121635,118652,116633,115037,112482,111357
112,36 ans,Homme,55874,57054,57887,58608,59644,60260,61225,62799,64295,65156,64457,63333,62006,60870,59513,58643,57901,56702,56103
113,36 ans,Femme,52150,53551,54524,55779,57503,58458,59530,61235,62820,63216,62997,62528,61576,60765,59139,57990,57136,55780,55254
114,37 ans,Sexe - Total,105482,108006,110734,112388,114183,116497,118393,120781,124360,128662,129422,128438,126507,124215,122523,119606,118117,116565,113600
115,37 ans,Homme,54229,55676,57047,57798,58387,59154,60041,61187,62954,65368,65723,65020,63646,62331,61416,60143,59433,58710,57314
116,37 ans,Femme,51253,52330,53687,54590,55796,57343,58352,59594,61406,63294,63699,63418,62861,61884,61107,59463,58684,57855,56286
117,38 ans,Sexe - Total,103400,105410,107987,110635,112033,113578,116089,118359,121029,125593,129364,130336,128950,126976,124957,123316,121074,119571,117698
118,38 ans,Homme,52846,53978,55548,56882,57462,57889,58855,59930,61276,63743,65704,66234,65304,63900,62840,61937,60891,60209,59292
119,38 ans,Femme,50554,51432,52439,53753,54571,55689,57234,58429,59753,61850,63660,64102,63646,63076,62117,61379,60183,59362,58406
120,39 ans,Sexe - Total,102436,103207,105332,107814,110269,111431,113216,116028,118500,121972,126155,130215,130800,129348,127678,125711,124667,122370,120436
121,39 ans,Homme,52101,52570,53839,55313,56512,56972,57635,58791,59972,61807,63957,66134,66445,65581,64436,63355,62677,61638,60668
122,39 ans,Femme,50335,50637,51493,52501,53757,54459,55581,57237,58528,60165,62198,64081,64355,63767,63242,62356,61990,60732,59768
123,40 ans,Sexe - Total,101177,102262,103148,105212,107435,109542,110963,113033,116101,119609,122636,126839,130586,131169,130072,128341,126980,125924,123334
124,40 ans,Homme,51494,51844,52411,53630,54987,55972,56620,57483,58766,60574,62156,64282,66298,66652,66032,64824,64019,63402,62144
125,40 ans,Femme,49683,50418,50737,51582,52448,53570,54343,55550,57335,59035,60480,62557,64288,64517,64040,63517,62961,62522,61190
126,41 ans,Sexe - Total,101449,100879,102113,102979,104782,106760,109151,110800,113009,116402,119646,123184,127128,130915,131675,130628,129530,128129,126747
127,41 ans,Homme,51706,51126,51662,52234,53283,54466,55692,56480,57414,58934,60596,62427,64436,66489,66995,66354,65527,64592,63829
128,41 ans,Femme,49743,49753,50451,50745,51499,52294,53459,54320,55595,57468,59050,60757,62692,64426,64680,64274,64003,63537,62918
129,42 ans,Sexe - Total,102887,101118,100667,101859,102475,104136,106449,108958,110663,113913,117045,120178,123340,127409,131537,132216,131635,130607,128916
130,42 ans,Homme,52449,51371,50947,51447,51832,52817,54241,55513,56307,57901,59260,60856,62457,64589,66936,67382,66901,66077,64990
131,42 ans,Femme,50438,49747,49720,50412,50643,51319,52208,53445,54356,56012,57785,59322,60883,62820,64601,64834,64734,64530,63926
132,43 ans,Sexe - Total,103312,102431,100851,100429,101478,101866,103756,106211,108919,111506,114157,117587,120349,123473,127789,131948,133301,132641,131282
133,43 ans,Homme,52444,52055,51160,50751,51140,51338,52507,54036,55421,56790,57985,59531,60890,62502,64864,67211,68001,67510,66400
134,43 ans,Femme,50868,50376,49691,49678,50338,50528,51249,52175,53498,54716,56172,58056,59459,60971,62925,64737,65300,65131,64882
135,44 ans,Sexe - Total,103841,102926,102174,100557,99935,100808,101471,103540,105968,109675,111836,114570,117708,120450,123868,128185,132885,134120,133236
136,44 ans,Homme,52706,52106,51847,50971,50422,50660,51044,52311,53841,55826,56919,58213,59612,60941,62769,65078,67684,68380,67790
137,44 ans,Femme,51135,50820,50327,49586,49513,50148,50427,51229,52127,53849,54917,56357,58096,59509,61099,63107,65201,65740,65446
138,45 ans,Sexe - Total,103414,103361,102609,101922,100098,99330,100385,101217,103374,106716,109766,112068,114643,117850,120731,124144,128975,133688,134667
139,45 ans,Homme,52525,52311,51866,51675,50622,49968,50357,50831,52181,54380,55904,57048,58164,59649,61122,62993,65533,68099,68670
140,45 ans,Femme,50889,51050,50743,50247,49476,49362,50028,50386,51193,52336,53862,55020,56479,58201,59609,61151,63442,65589,65997
141,46 ans,Sexe - Total,101934,102893,102902,102237,101404,99474,98952,100119,100982,103821,106644,109909,112028,114611,118093,120990,124906,129728,134188
142,46 ans,Homme,51991,52140,51987,51593,51362,50229,49747,50204,50670,52563,54307,55967,56981,58134,59798,61309,63433,65957,68349
143,46 ans,Femme,49943,50753,50915,50644,50042,49245,49205,49915,50312,51258,52337,53942,55047,56477,58295,59681,61473,63771,65839
144,47 ans,Sexe - Total,99755,101380,102451,102509,101682,100701,98930,98611,99862,101250,103736,106800,109906,111904,114750,118168,121493,125408,130010
145,47 ans,Homme,50939,51616,51875,51759,51241,50881,49878,49529,50025,50904,52453,54428,55925,56866,58234,59892,61525,63660,66080
146,47 ans,Femme,48816,49764,50576,50750,50441,49820,49052,49082,49837,50346,51283,52372,53981,55038,56516,58276,59968,61748,63930
147,48 ans,Sexe - Total,97852,99187,100952,102064,101889,100938,100102,98587,98345,100113,101270,103791,106686,109757,111941,114716,118609,122001,125724
148,48 ans,Homme,49632,50512,51308,51611,51378,50773,50481,49664,49375,50320,50929,52466,54328,55846,56910,58197,60075,61770,63771
149,48 ans,Femme,48220,48675,49644,50453,50511,50165,49621,48923,48970,49793,50341,51325,52358,53911,55031,56519,58534,60231,61953
150,49 ans,Sexe - Total,94664,97153,98643,100418,101391,101113,100283,99673,98209,98376,99898,101203,103611,106434,109630,111830,115029,118899,122174
151,49 ans,Homme,47979,49147,50170,51001,51181,50879,50384,50228,49450,49484,50185,50912,52394,54193,55827,56858,58354,60209,61834
152,49 ans,Femme,46685,48006,48473,49417,50210,50234,49899,49445,48759,48892,49713,50291,51217,52241,53803,54972,56675,58690,60340
153,50 ans,Sexe - Total,89932,93952,96627,98134,99693,100607,100476,99828,99237,98194,98168,99748,100962,103378,106365,109430,111998,115264,118942
154,50 ans,Homme,45373,47514,48813,49843,50572,50721,50494,50091,49917,49583,49378,50066,50720,52246,54211,55733,56920,58464,60199
155,50 ans,Femme,44559,46438,47814,48291,49121,49886,49982,49737,49320,48611,48790,49682,50242,51132,52154,53697,55078,56800,58743
156,51 ans,Sexe - Total,84442,89167,93396,96003,97359,98839,99868,99959,99308,98901,97798,97933,99373,100554,103098,106070,109607,112153,115195
157,51 ans,Homme,42292,44896,47162,48443,49377,50068,50294,50211,49816,49880,49302,49195,49816,50487,52106,54061,55843,57007,58387
158,51 ans,Femme,42150,44271,46234,47560,47982,48771,49574,49748,49492,49021,48496,48738,49557,50067,50992,52009,53764,55146,56808
159,52 ans,Sexe - Total,80967,83697,88648,92806,95229,96508,98182,99320,99336,99301,98732,97506,97530,98998,100285,102701,106038,109616,112078
160,52 ans,Homme,40428,41771,44546,46798,47953,48854,49688,49980,49845,49931,49750,49153,48963,49599,50351,51898,54049,55811,56919
161,52 ans,Femme,40539,41926,44102,46008,47276,47654,48494,49340,49491,49370,48982,48353,48567,49399,49934,50803,51989,53805,55159
162,53 ans,Sexe - Total,78801,80140,83040,88004,91979,94335,95755,97553,98674,99234,98797,98388,97072,97070,98574,99894,102688,105950,109383
163,53 ans,Homme,39311,39916,41363,44136,46290,47413,48378,49293,49577,49795,49574,49566,48888,48668,49364,50181,51871,53934,55641
164,53 ans,Femme,39490,40224,41677,43868,45689,46922,47377,48260,49097,49439,49223,48822,48184,48402,49210,49713,50817,52016,53742
165,54 ans,Sexe - Total,76337,77901,79456,82408,87102,91023,93431,95018,96858,98256,98616,98482,97951,96588,96654,98069,99700,102553,105714
166,54 ans,Homme,37971,38709,39468,40997,43611,45718,46907,47948,48850,49323,49412,49364,49280,48568,48427,49053,50012,51781,53764
167,54 ans,Femme,38366,39192,39988,41411,43491,45305,46524,47070,48008,48933,49204,49118,48671,48020,48227,49016,49688,50772,51950
168,55 ans,Sexe - Total,75423,75437,77180,78735,81537,86174,90188,92713,94297,96293,97639,98180,97867,97341,96092,96049,97746,99373,102113
169,55 ans,Homme,37374,37411,38246,39022,40462,43036,45199,46458,47514,48634,48995,49128,48983,48907,48294,48094,48903,49842,51490
170,55 ans,Femme,38049,38026,38934,39713,41075,43138,44989,46255,46783,47659,48644,49052,48884,48434,47798,47955,48843,49531,50623
171,56 ans,Sexe - Total,75358,74396,74615,76470,77831,80554,85230,89395,91944,93426,95554,97060,97493,97193,96682,95384,95733,97459,98975
172,56 ans,Homme,37222,36719,36906,37833,38483,39870,42450,44738,46010,47016,48140,48662,48706,48556,48520,47895,47883,48739,49609
173,56 ans,Femme,38136,37677,37709,38637,39348,40684,42780,44657,45934,46410,47414,48398,48787,48637,48162,47489,47850,48720,49366
174,57 ans,Sexe - Total,74331,74309,73576,73823,75441,76725,79590,84449,88573,91119,92743,94899,96356,96744,96476,95934,94959,95305,96964
175,57 ans,Homme,36617,36519,36217,36450,37221,37831,39303,41996,44236,45578,46622,47730,48220,48254,48130,48082,47638,47638,48415
176,57 ans,Femme,37714,37790,37359,37373,38220,38894,40287,42453,44337,45541,46121,47169,48136,48490,48346,47852,47321,47667,48549
177,58 ans,Sexe - Total,72391,73241,73432,72748,72842,74400,75835,78814,83634,87722,90428,92063,94127,95567,95961,95643,95380,94465,94746
178,58 ans,Homme,35301,35933,35982,35700,35823,36579,37262,38813,41479,43780,45151,46208,47240,47729,47800,47635,47739,47346,47309
179,58 ans,Femme,37090,37308,37450,37048,37019,37821,38573,40001,42155,43942,45277,45855,46887,47838,48161,48008,47641,47119,47437
180,59 ans,Sexe - Total,70592,71329,72314,72570,71766,71811,73440,74962,77961,82546,86767,89713,91302,93258,94720,95115,95032,94820,93822
181,59 ans,Homme,34112,34604,35361,35454,35070,35183,35968,36687,38249,40923,43205,44721,45756,46706,47225,47306,47275,47397,46964
182,59 ans,Femme,36480,36725,36953,37116,36696,36628,37472,38275,39712,41623,43562,44992,45546,46552,47495,47809,47757,47423,46858
183,60 ans,Sexe - Total,69190,69514,70399,71344,71471,70733,70918,72583,74033,77026,81835,85993,88880,90343,92282,93715,94348,94237,93903
184,60 ans,Homme,33270,33378,33994,34744,34757,34414,34613,35450,36088,37681,40426,42677,44180,45148,46054,46559,46815,46761,46760
185,60 ans,Femme,35920,36136,36405,36600,36714,36319,36305,37133,37945,39345,41409,43316,44700,45195,46228,47156,47533,47476,47143
186,61 ans,Sexe - Total,68289,68142,68540,69392,70294,70497,69864,70161,71811,72795,76078,81070,85172,87915,89406,91365,93043,93664,93442
187,61 ans,Homme,32449,32535,32723,33337,34027,34099,33825,34085,34923,35378,37094,39928,42147,43550,44534,45443,46139,46386,46228
188,61 ans,Femme,35840,35607,35817,36055,36267,36398,36039,36076,36888,37417,38984,41142,43025,44365,44872,45922,46904,47278,47214
189,62 ans,Sexe - Total,66716,67107,67117,67516,68255,69175,69362,68845,69173,70787,72098,75207,80215,84204,86949,88400,90528,92245,92759
190,62 ans,Homme,31310,31705,31901,32121,32652,33353,33414,33190,33481,34311,34915,36528,39380,41532,42928,43885,44919,45636,45808
191,62 ans,Femme,35406,35402,35216,35395,35603,35822,35948,35655,35692,36476,37183,38679,40835,42672,44021,44515,45609,46609,46951
192,63 ans,Sexe - Total,64492,65652,66078,66107,66416,67128,68135,68394,67894,68233,69939,71211,74277,79226,83255,85973,87570,89650,91283
193,63 ans,Homme,29895,30610,31041,31280,31443,31981,32748,32837,32613,32914,33772,34363,35983,38761,40929,42310,43341,44352,45041
194,63 ans,Femme,34597,35042,35037,34827,34973,35147,35387,35557,35281,35319,36167,36848,38294,40465,42326,43663,44229,45298,46242
195,64 ans,Sexe - Total,62657,63496,64740,65140,65065,65400,66167,67204,67469,66733,67213,69049,70333,73330,78285,82260,85126,86678,88701
196,64 ans,Homme,28825,29234,30026,30467,30616,30812,31366,32151,32256,31928,32293,33218,33830,35402,38207,40337,41779,42771,43760
197,64 ans,Femme,33832,34262,34714,34673,34449,34588,34801,35053,35213,34805,34920,35831,36503,37928,40078,41923,43347,43907,44941
198,65 ans,Sexe - Total,61459,61460,62272,63523,63897,63824,64201,65019,66092,66118,65656,66179,67978,69173,72268,77163,81245,84043,85536
199,65 ans,Homme,27903,27966,28359,29159,29582,29749,29949,30517,31337,31330,31149,31556,32462,33031,34680,37443,39610,41009,41998
200,65 ans,Femme,33556,33494,33913,34364,34315,34075,34252,34502,34755,34788,34507,34623,35516,36142,37588,39720,41635,43034,43538
201,66 ans,Sexe - Total,60857,60341,60387,61202,62401,62793,62806,63282,64058,64924,65200,64700,65195,66973,68260,71320,76355,80296,83046
202,66 ans,Homme,27215,27144,27249,27638,28392,28836,29062,29342,29867,30493,30682,30525,30901,31797,32417,34041,36902,39001,40353
203,66 ans,Femme,33642,33197,33138,33564,34009,33957,33744,33940,34191,34431,34518,34175,34294,35176,35843,37279,39453,41295,42693
204,67 ans,Sexe - Total,59499,59728,59320,59419,60169,61380,61837,61955,62389,62838,63935,64289,63792,64315,66181,67392,70586,75411,79264
205,67 ans,Homme,26258,26492,26502,26632,26960,27747,28198,28474,28764,29145,29901,30091,29932,30326,31274,31859,33560,36309,38357
206,67 ans,Femme,33241,33236,32818,32787,33209,33633,33639,33481,33625,33693,34034,34198,33860,33989,34907,35533,37026,39102,40907
207,68 ans,Sexe - Total,58354,58454,58709,58287,58363,59144,60357,60898,61025,61284,61919,62976,63369,62861,63465,65243,66605,69714,74472
208,68 ans,Homme,25633,25587,25823,25839,25972,26330,27118,27615,27863,27997,28525,29316,29502,29332,29783,30692,31342,33006,35715
209,68 ans,Femme,32721,32867,32886,32448,32391,32814,33239,33283,33162,33287,33394,33660,33867,33529,33682,34551,35263,36708,38757
210,69 ans,Sexe - Total,56746,57250,57370,57570,57191,57302,58152,59416,59924,59933,60353,61001,62079,62427,61975,62579,64470,65721,68765
211,69 ans,Homme,24924,24924,24911,25142,25159,25316,25705,26524,27001,27183,27412,27937,28733,28893,28770,29236,30196,30767,32378
212,69 ans,Femme,31822,32326,32459,32428,32032,31986,32447,32892,32923,32750,32941,33064,33346,33534,33205,33343,34274,34954,36387
213,70 ans,Sexe - Total,56005,55507,56053,56180,56391,56040,56268,57193,58381,58941,58974,59298,60037,61073,61478,61033,61783,63556,64782
214,70 ans,Homme,24371,24147,24171,24167,24408,24441,24656,25104,25862,26413,26606,26789,27346,28108,28301,28183,28728,29624,30176
215,70 ans,Femme,31634,31360,31882,32013,31983,31599,31612,32089,32519,32528,32368,32509,32691,32965,33177,32850,33055,33932,34606
216,71 ans,Sexe - Total,55151,54747,54349,54838,54931,55185,54928,55182,56060,57179,57738,57862,58276,58973,60063,60454,60140,60820,62584
217,71 ans,Homme,23813,23573,23414,23433,23399,23692,23779,24003,24411,25128,25653,25944,26179,26685,27475,27683,27639,28133,29014
218,71 ans,Femme,31338,31174,30935,31405,31532,31493,31149,31179,31649,32051,32085,31918,32097,32288,32588,32771,32501,32687,33570
219,72 ans,Sexe - Total,49398,53741,53407,53018,53501,53673,53994,53800,54074,55202,56168,56573,56799,57194,57923,58971,59473,59142,59789
220,72 ans,Homme,21125,22964,22769,22629,22637,22665,22966,23052,23303,23798,24460,24965,25310,25520,26035,26797,27066,27029,27523
221,72 ans,Femme,28273,30777,30638,30389,30864,31008,31028,30748,30771,31404,31708,31608,31489,31674,31888,32174,32407,32113,32266
222,73 ans,Sexe - Total,43821,47989,52296,52032,51612,52115,52393,52742,52541,52994,53913,54895,55365,55657,56099,56794,57981,58379,58025
223,73 ans,Homme,18622,20274,22048,21906,21798,21815,21897,22222,22287,22615,23048,23686,24226,24621,24871,25383,26213,26417,26358
224,73 ans,Femme,25199,27715,30248,30126,29814,30300,30496,30520,30254,30379,30865,31209,31139,31036,31228,31411,31768,31962,31667
225,74 ans,Sexe - Total,41540,42475,46572,50785,50483,50077,50674,51041,51426,51379,51699,52598,53627,54125,54486,54885,55668,56784,57238
226,74 ans,Homme,17497,17823,19439,21160,20988,20876,20960,21110,21465,21553,21853,22283,22915,23463,23915,24160,24710,25493,25750
227,74 ans,Femme,24043,24652,27133,29625,29495,29201,29714,29931,29961,29826,29846,30315,30712,30662,30571,30725,30958,31291,31488
228,75 ans,Sexe - Total,40144,40146,41104,45098,49210,48897,48531,49232,49622,50157,49952,50265,51222,52272,52800,53201,53716,54402,55544
229,75 ans,Homme,16633,16669,17017,18583,20236,20053,19962,20124,20285,20652,20747,21035,21479,22128,22669,23153,23481,23990,24767
230,75 ans,Femme,23511,23477,24087,26515,28974,28844,28569,29108,29337,29505,29205,29230,29743,30144,30131,30048,30235,30412,30777
231,76 ans,Sexe - Total,39244,38722,38739,39636,43484,47485,47237,46957,47697,48336,48684,48470,48837,49838,50898,51416,51891,52326,52999
232,76 ans,Homme,15876,15795,15811,16158,17676,19273,19135,19089,19244,19477,19805,19918,20244,20706,21348,21888,22395,22684,23187
233,76 ans,Femme,23368,22927,22928,23478,25808,28212,28102,27868,28453,28859,28879,28552,28593,29132,29550,29528,29496,29642,29812
234,77 ans,Sexe - Total,39867,37598,37128,37174,38069,41874,45727,45488,45313,46181,46615,47047,46956,47338,48315,49374,50002,50401,50867
235,77 ans,Homme,15766,14936,14897,14949,15288,16770,18267,18177,18184,18384,18559,18918,19073,19390,19851,20509,21090,21532,21825
236,77 ans,Femme,24101,22662,22231,22225,22781,25104,27460,27311,27129,27797,28056,28129,27883,27948,28464,28865,28912,28869,29042
237,78 ans,Sexe - Total,39979,38103,35987,35540,35591,36484,40137,43858,43702,43858,44541,44916,45430,45389,45780,46786,47961,48509,48832
238,78 ans,Homme,15523,14771,14024,13991,14032,14414,15834,17245,17184,17286,17471,17641,18062,18214,18511,18999,19711,20234,20634
239,78 ans,Femme,24456,23332,21963,21549,21559,22070,24303,26613,26518,26572,27070,27275,27368,27175,27269,27787,28250,28275,28198
240,79 ans,Sexe - Total,38052,37992,36265,34308,33878,33946,34802,38344,41939,42292,42112,42684,43154,43739,43714,44061,45166,46373,46916
241,79 ans,Homme,14294,14433,13783,13113,13078,13157,13535,14884,16199,16334,16364,16470,16708,17161,17303,17587,18127,18844,19362
242,79 ans,Femme,23758,23559,22482,21195,20800,20789,21267,23460,25740,25958,25748,26214,26446,26578,26411,26474,27039,27529,27554
243,80 ans,Sexe - Total,35457,35901,35923,34363,32440,32036,32153,33010,36414,40384,40229,40041,40757,41256,41880,41884,42301,43350,44524
244,80 ans,Homme,12841,13181,13338,12797,12155,12105,12221,12611,13890,15325,15260,15302,15495,15730,16190,16314,16648,17179,17836
245,80 ans,Femme,22616,22720,22585,21566,20285,19931,19932,20399,22524,25059,24969,24739,25262,25526,25690,25570,25653,26171,26688
246,81 ans,Sexe - Total,32984,33286,33709,33726,32272,30480,30177,30321,31116,34751,38124,38085,37998,38709,39261,39939,40014,40400,41391
247,81 ans,Homme,11582,11758,12092,12246,11776,11171,11143,11296,11663,13048,14253,14190,14253,14462,14707,15187,15353,15654,16174
248,81 ans,Femme,21402,21528,21617,21480,20496,19309,19034,19025,19453,21703,23871,23895,23745,24247,24554,24752,24661,24746,25217
249,82 ans,Sexe - Total,30341,30633,31030,31425,31460,30133,28488,28256,28348,29525,32621,35860,35950,35874,36596,37156,37842,37936,38329
250,82 ans,Homme,10405,10485,10690,10990,11153,10749,10198,10181,10318,10840,11996,13167,13157,13203,13387,13662,14161,14300,14610
251,82 ans,Femme,19936,20148,20340,20435,20307,19384,18290,18075,18030,18685,20625,22693,22793,22671,23209,23494,23681,23636,23719
252,83 ans,Sexe - Total,27692,27924,28266,28680,29037,29138,27955,26435,26296,26962,27561,30396,33501,33636,33645,34385,35005,35656,35727
253,83 ans,Homme,9185,9317,9414,9612,9892,10095,9746,9245,9267,9579,9855,10917,12060,12073,12136,12340,12641,13094,13220
254,83 ans,Femme,18507,18607,18852,19068,19145,19043,18209,17190,17029,17383,17706,19479,21441,21563,21509,22045,22364,22562,22507
255,84 ans,Sexe - Total,24730,25285,25623,25951,26286,26624,26734,25691,24366,24624,24767,25412,28127,31112,31313,31365,32079,32674,33321
256,84 ans,Homme,7929,8142,8301,8394,8571,8822,8993,8720,8304,8476,8617,8885,9883,10956,11011,11092,11279,11581,12019
257,84 ans,Femme,16801,17143,17322,17557,17715,17802,17741,16971,16062,16148,16150,16527,18244,20156,20302,20273,20800,21093,21302
258,85 ans,Sexe - Total,21378,22366,22891,23196,23501,23852,24181,24340,23466,22735,22496,22538,23226,25858,28608,28878,28940,29583,30260
259,85 ans,Homme,6685,6939,7136,7285,7369,7581,7797,7959,7761,7582,7575,7643,7927,8882,9869,9954,10022,10190,10506
260,85 ans,Femme,14693,15427,15755,15911,16132,16271,16384,16381,15705,15153,14921,14895,15299,16976,18739,18924,18918,19393,19754
261,86 ans,Sexe - Total,18471,19081,20008,20487,20745,20993,21353,21758,21893,21533,20469,20305,20399,21068,23556,26122,26400,26487,27092
262,86 ans,Homme,5600,5795,6009,6186,6315,6374,6558,6814,6974,6973,6687,6672,6770,7034,7896,8790,8867,8942,9123
263,86 ans,Femme,12871,13286,13999,14301,14430,14619,14795,14944,14919,14560,13782,13633,13629,14034,15660,17332,17533,17545,17969
264,87 ans,Sexe - Total,15704,16261,16839,17667,18071,18265,18544,18882,19277,20006,19210,18207,18150,18284,18878,21144,23539,23834,23938
265,87 ans,Homme,4561,4784,4953,5149,5315,5417,5454,5604,5874,6197,6016,5769,5799,5905,6122,6871,7714,7824,7878
266,87 ans,Femme,11143,11477,11886,12518,12756,12848,13090,13278,13403,13809,13194,12438,12351,12379,12756,14273,15825,16010,16060
267,88 ans,Sexe - Total,12968,13545,14062,14590,15315,15706,15954,16250,16569,17501,17590,16873,16032,16083,16211,16733,18797,20911,21242
268,88 ans,Homme,3646,3804,3987,4134,4305,4461,4568,4612,4763,5202,5309,5140,4955,5005,5087,5267,5941,6669,6790
269,88 ans,Femme,9322,9741,10075,10456,11010,11245,11386,11638,11806,12299,12281,11733,11077,11078,11124,11466,12856,14242,14452
270,89 ans,Sexe - Total,10610,11009,11598,12027,12434,13088,13432,13636,13966,14784,15085,15237,14643,13947,14024,14184,14698,16494,18346
271,89 ans,Homme,2883,2974,3140,3307,3400,3533,3663,3764,3821,4089,4354,4465,4335,4203,4237,4312,4478,5059,5676
272,89 ans,Femme,7727,8035,8458,8720,9034,9555,9769,9872,10145,10695,10731,10772,10308,9744,9787,9872,10220,11435,12670
273,90 ans,Sexe - Total,8775,8922,9234,9670,9989,10366,10924,11262,11506,12290,12542,12834,12969,12515,11945,12041,12152,12580,14196
274,90 ans,Homme,2297,2347,2399,2506,2639,2724,2835,2955,3082,3282,3383,3589,3671,3583,3491,3533,3567,3708,4234
275,90 ans,Femme,6478,6575,6835,7164,7350,7642,8089,8307,8424,9008,9159,9245,9298,8932,8454,8508,8585,8872,9962
276,91 ans,Sexe - Total,6667,7177,7288,7519,7834,8126,8461,8902,9210,9743,10044,10389,10666,10847,10518,10042,10150,10235,10580
277,91 ans,Homme,1615,1800,1854,1876,1943,2063,2155,2230,2322,2521,2593,2714,2887,2975,2898,2812,2866,2899,3033
278,91 ans,Femme,5052,5377,5434,5643,5891,6063,6306,6672,6888,7222,7451,7675,7779,7872,7620,7230,7284,7336,7547
279,92 ans,Sexe - Total,4915,5311,5731,5843,5986,6209,6487,6760,7113,7838,7938,8167,8509,8784,8963,8740,8328,8384,8452
280,92 ans,Homme,1145,1231,1381,1430,1432,1487,1589,1665,1701,1919,1980,2017,2155,2302,2387,2334,2239,2282,2311
281,92 ans,Femme,3770,4080,4350,4413,4554,4722,4898,5095,5412,5919,5958,6150,6354,6482,6576,6406,6089,6102,6141
282,93 ans,Sexe - Total,3638,3831,4167,4517,4563,4657,4875,5098,5337,6013,6182,6333,6597,6890,7112,7314,7085,6742,6807
283,93 ans,Homme,813,857,924,1031,1062,1066,1115,1195,1252,1408,1466,1527,1577,1694,1802,1893,1844,1782,1805
284,93 ans,Femme,2825,2974,3243,3486,3501,3591,3760,3903,4085,4605,4716,4806,5020,5196,5310,5421,5241,4960,5002
285,94 ans,Sexe - Total,2578,2750,2910,3199,3471,3494,3560,3698,3925,4431,4638,4802,4954,5241,5500,5668,5830,5628,5334
286,94 ans,Homme,542,591,635,677,749,776,764,782,864,997,1025,1099,1154,1199,1289,1383,1462,1433,1371
287,94 ans,Femme,2036,2159,2275,2522,2722,2718,2796,2916,3061,3434,3613,3703,3800,4042,4211,4285,4368,4195,3963
288,95 ans,Sexe - Total,1751,1894,2053,2184,2406,2600,2604,2624,2743,3140,3292,3497,3670,3817,4058,4293,4439,4588,4423
289,95 ans,Homme,358,388,433,461,490,537,558,540,561,699,721,759,818,856,901,986,1057,1133,1097
290,95 ans,Femme,1393,1506,1620,1723,1916,2063,2046,2084,2182,2441,2571,2738,2852,2961,3157,3307,3382,3455,3326
291,96 ans,Sexe - Total,1181,1297,1395,1491,1583,1742,1883,1890,1923,2193,2289,2417,2607,2753,2898,3118,3290,3391,3502
292,96 ans,Homme,238,256,263,287,315,340,370,389,377,436,479,507,545,585,608,663,741,794,841
293,96 ans,Femme,943,1041,1132,1204,1268,1402,1513,1501,1546,1757,1810,1910,2062,2168,2290,2455,2549,2597,2661
294,97 ans,Sexe - Total,781,832,928,976,1052,1133,1225,1332,1356,1429,1526,1621,1744,1918,2056,2196,2356,2477,2572
295,97 ans,Homme,162,169,183,182,202,228,238,248,268,273,277,320,347,377,417,446,495,554,596
296,97 ans,Femme,619,663,745,794,850,905,987,1084,1088,1156,1249,1301,1397,1541,1639,1750,1861,1923,1976
297,98 ans,Sexe - Total,521,542,566,632,661,704,795,864,935,996,1004,1071,1140,1251,1417,1539,1646,1758,1848
298,98 ans,Homme,105,106,100,112,121,130,156,170,176,177,172,174,207,239,272,314,337,361,410
299,98 ans,Femme,416,436,466,520,540,574,639,694,759,819,832,897,933,1012,1145,1225,1309,1397,1438
300,99 ans et plus,Sexe - Total,678,750,836,954,1071,1125,1199,1326,1460,1498,1707,1829,1983,2189,2501,2911,3333,3839,4371
301,99 ans et plus,Homme,116,136,151,165,180,183,191,224,255,232,276,277,310,360,430,512,617,745,879
302,99 ans et plus,Femme,562,614,685,789,891,942,1008,1102,1205,1266,1431,1552,1673,1829,2071,2399,2716,3094,3492
