annee,canton,Total,Total contributions,Total taxes
1994,Appenzell Rh.-Ext.,21915.0,11258.0,10658.0
1994,Appenzell Rh.-Int.,5811.0,2883.0,2928.0
1994,Argovie,264502.0,174185.0,90317.0
1994,Berne,525008.0,301141.0,223868.0
1994,Bâle-Campagne,111611.0,55769.0,55842.0
1994,Bâle-Ville,87268.0,48897.0,38371.0
1994,Espace Mittelland,1294462.0,925051.0,369412.0
1994,Fribourg,194678.0,141591.0,53087.0
1994,Genève,178756.0,116452.0,62304.0
1994,Glaris,18868.0,10988.0,7880.0
1994,Grisons,248005.0,204814.0,43191.0
1994,Jura,253789.0,236635.0,17154.0
1994,Lucerne,128856.0,77979.0,50876.0
1994,Neuchâtel,205650.0,176443.0,29207.0
1994,Nidwald,23466.0,17302.0,6165.0
1994,Obwald,67087.0,62815.0,4272.0
1994,Région lémanique,927808.0,690569.0,237240.0
1994,Saint-Gall,177411.0,87518.0,89892.0
1994,Schaffhouse,58600.0,48999.0,9601.0
1994,Schwytz,46431.0,23708.0,22723.0
1994,Soleure,115337.0,69241.0,46096.0
1994,Suisse centrale,373606.0,267113.0,106493.0
1994,Suisse du Nord-Ouest,463381.0,278851.0,184530.0
1994,Suisse orientale,598101.0,401849.0,196252.0
1994,Tessin,273811.0,198833.0,74979.0
1994,Thurgovie,67491.0,35389.0,32102.0
1994,Total,4314421.0,2913294.0,1401127.0
1994,Uri,82908.0,77545.0,5363.0
1994,Valais,384400.0,348590.0,35810.0
1994,Vaud,364652.0,225527.0,139126.0
1994,Zoug,24858.0,7764.0,17094.0
1994,Zurich,383251.0,151029.0,232222.0
1995,Appenzell Rh.-Ext.,25505.0,14494.0,11011.0
1995,Appenzell Rh.-Int.,6051.0,2962.0,3089.0
1995,Argovie,269823.0,173577.0,96247.0
1995,Berne,502147.0,269224.0,232922.0
1995,Bâle-Campagne,121744.0,62437.0,59307.0
1995,Bâle-Ville,104148.0,62731.0,41417.0
1995,Espace Mittelland,1235444.0,851687.0,383756.0
1995,Fribourg,218134.0,161441.0,56693.0
1995,Genève,173511.0,108955.0,64556.0
1995,Glaris,18492.0,10405.0,8087.0
1995,Grisons,244450.0,195890.0,48561.0
1995,Jura,221315.0,203781.0,17534.0
1995,Lucerne,138811.0,72170.0,66641.0
1995,Neuchâtel,173946.0,143376.0,30570.0
1995,Nidwald,23191.0,16896.0,6295.0
1995,Obwald,55345.0,50510.0,4834.0
1995,Région lémanique,958896.0,691724.0,267173.0
1995,Saint-Gall,166161.0,73483.0,92677.0
1995,Schaffhouse,55974.0,46147.0,9826.0
1995,Schwytz,47447.0,23225.0,24222.0
1995,Soleure,119902.0,73865.0,46037.0
1995,Suisse centrale,387316.0,262515.0,124801.0
1995,Suisse du Nord-Ouest,495715.0,298745.0,196971.0
1995,Suisse orientale,585947.0,379080.0,206866.0
1995,Tessin,274740.0,197173.0,77567.0
1995,Thurgovie,69314.0,35699.0,33615.0
1995,Total,4333952.0,2837864.0,1496088.0
1995,Uri,98371.0,93002.0,5369.0
1995,Valais,373811.0,336179.0,37632.0
1995,Vaud,411574.0,246590.0,164985.0
1995,Zoug,24152.0,6712.0,17440.0
1995,Zurich,395891.0,156940.0,238951.0
1996,Appenzell Rh.-Ext.,23231.0,10560.0,12672.0
1996,Appenzell Rh.-Int.,5786.0,2649.0,3137.0
1996,Argovie,246598.0,147356.0,99243.0
1996,Berne,524533.0,255835.0,268699.0
1996,Bâle-Campagne,127958.0,66081.0,61877.0
1996,Bâle-Ville,131385.0,88641.0,42744.0
1996,Espace Mittelland,1250165.0,827857.0,422310.0
1996,Fribourg,244779.0,186651.0,58128.0
1996,Genève,179163.0,114765.0,64397.0
1996,Glaris,20260.0,11996.0,8264.0
1996,Grisons,239186.0,185993.0,53193.0
1996,Jura,193641.0,175554.0,18088.0
1996,Lucerne,143060.0,75150.0,67910.0
1996,Neuchâtel,155188.0,122548.0,32640.0
1996,Nidwald,19253.0,12686.0,6567.0
1996,Obwald,59214.0,54574.0,4640.0
1996,Région lémanique,964186.0,684542.0,279643.0
1996,Saint-Gall,158040.0,61478.0,96561.0
1996,Schaffhouse,43362.0,32926.0,10436.0
1996,Schwytz,52075.0,27623.0,24452.0
1996,Soleure,132024.0,87269.0,44755.0
1996,Suisse centrale,402963.0,275112.0,127851.0
1996,Suisse du Nord-Ouest,505941.0,302078.0,203864.0
1996,Suisse orientale,558129.0,337996.0,220133.0
1996,Tessin,238777.0,159383.0,79393.0
1996,Thurgovie,68264.0,32394.0,35870.0
1996,Total,4327395.0,2751578.0,1575817.0
1996,Uri,104312.0,98731.0,5581.0
1996,Valais,362122.0,324095.0,38027.0
1996,Vaud,422901.0,245682.0,177219.0
1996,Zoug,25049.0,6348.0,18701.0
1996,Zurich,407235.0,164612.0,242623.0
1997,Appenzell Rh.-Ext.,25774.0,12808.0,12966.0
1997,Appenzell Rh.-Int.,6336.0,3166.0,3170.0
1997,Argovie,178120.0,75185.0,102935.0
1997,Berne,524404.0,247023.0,277381.0
1997,Bâle-Campagne,137289.0,74066.0,63224.0
1997,Bâle-Ville,152232.0,100961.0,51271.0
1997,Espace Mittelland,1315935.0,882843.0,433092.0
1997,Fribourg,239843.0,183889.0,55953.0
1997,Genève,138752.0,70041.0,68711.0
1997,Glaris,16896.0,8131.0,8765.0
1997,Grisons,239045.0,184033.0,55012.0
1997,Jura,196089.0,177563.0,18526.0
1997,Lucerne,138884.0,69661.0,69223.0
1997,Neuchâtel,177869.0,144050.0,33819.0
1997,Nidwald,21555.0,14434.0,7121.0
1997,Obwald,44892.0,39717.0,5175.0
1997,Région lémanique,870177.0,594570.0,275607.0
1997,Saint-Gall,187844.0,86104.0,101740.0
1997,Schaffhouse,24441.0,14383.0,10058.0
1997,Schwytz,49712.0,23990.0,25722.0
1997,Soleure,177730.0,130318.0,47413.0
1997,Suisse centrale,403843.0,271295.0,132548.0
1997,Suisse du Nord-Ouest,467641.0,250212.0,217430.0
1997,Suisse orientale,579970.0,351017.0,228953.0
1997,Tessin,199854.0,118604.0,81250.0
1997,Thurgovie,79634.0,42392.0,37242.0
1997,Total,4259279.0,2636393.0,1622888.0
1997,Uri,123268.0,117425.0,5843.0
1997,Valais,327709.0,289469.0,38240.0
1997,Vaud,403716.0,235060.0,168656.0
1997,Zoug,25533.0,6068.0,19464.0
1997,Zurich,421859.0,167851.0,254008.0
1998,Appenzell Rh.-Ext.,26374.0,12317.0,14057.0
1998,Appenzell Rh.-Int.,5551.0,2224.0,3327.0
1998,Argovie,206338.0,102247.0,104091.0
1998,Berne,555746.0,272154.0,283592.0
1998,Bâle-Campagne,153467.0,89193.0,64274.0
1998,Bâle-Ville,169329.0,123533.0,45796.0
1998,Espace Mittelland,1364667.0,922604.0,442063.0
1998,Fribourg,230678.0,174087.0,56591.0
1998,Genève,101266.0,31088.0,70178.0
1998,Glaris,16803.0,8016.0,8787.0
1998,Grisons,261876.0,205189.0,56687.0
1998,Jura,186843.0,166932.0,19911.0
1998,Lucerne,181902.0,111444.0,70458.0
1998,Neuchâtel,214838.0,180033.0,34805.0
1998,Nidwald,38115.0,30628.0,7487.0
1998,Obwald,35984.0,30117.0,5867.0
1998,Région lémanique,736765.0,456092.0,280673.0
1998,Saint-Gall,189023.0,89945.0,99078.0
1998,Schaffhouse,21080.0,10546.0,10534.0
1998,Schwytz,59063.0,30094.0,28969.0
1998,Soleure,176562.0,129398.0,47164.0
1998,Suisse centrale,447272.0,308058.0,139214.0
1998,Suisse du Nord-Ouest,529134.0,314973.0,214161.0
1998,Suisse orientale,645335.0,415303.0,230032.0
1998,Tessin,216913.0,129164.0,87749.0
1998,Thurgovie,124628.0,87066.0,37562.0
1998,Total,4415337.0,2762451.0,1652886.0
1998,Uri,100860.0,94449.0,6411.0
1998,Valais,275687.0,237766.0,37921.0
1998,Vaud,359812.0,187238.0,172574.0
1998,Zoug,31348.0,11326.0,20022.0
1998,Zurich,475251.0,216257.0,258994.0
1999,Appenzell Rh.-Ext.,41536.0,27257.0,14279.0
1999,Appenzell Rh.-Int.,6293.0,2843.0,3450.0
1999,Argovie,228360.0,124511.0,103849.0
1999,Berne,606808.0,310892.0,295916.0
1999,Bâle-Campagne,143427.0,77453.0,65974.0
1999,Bâle-Ville,166615.0,116052.0,50563.0
1999,Espace Mittelland,1409363.0,947047.0,462316.0
1999,Fribourg,207843.0,147994.0,59849.0
1999,Genève,103542.0,27591.0,75951.0
1999,Glaris,17393.0,8281.0,9112.0
1999,Grisons,269837.0,212951.0,56886.0
1999,Jura,148082.79,127455.79,20627.0
1999,Lucerne,202407.54,128448.54,73959.0
1999,Neuchâtel,243729.0,206944.0,36785.0
1999,Nidwald,50038.0,42280.0,7758.0
1999,Obwald,31813.0,25066.0,6747.0
1999,Région lémanique,798358.0,504692.0,293666.0
1999,Saint-Gall,239233.0,137238.0,101995.0
1999,Schaffhouse,19850.0,8682.0,11168.0
1999,Schwytz,55157.0,24744.0,30413.0
1999,Soleure,202901.0,153762.0,49139.0
1999,Suisse centrale,478419.0,331899.0,146520.0
1999,Suisse du Nord-Ouest,538401.0,318015.0,220386.0
1999,Suisse orientale,721287.0,487331.0,233956.0
1999,Tessin,212850.0,121682.0,91168.0
1999,Thurgovie,127145.0,90079.0,37066.0
1999,Total,4670569.0,2954000.0,1716569.0
1999,Uri,105486.0,98817.0,6669.0
1999,Valais,332228.0,291708.0,40520.0
1999,Vaud,362588.0,185393.0,177195.0
1999,Zoug,33517.0,12543.0,20974.0
1999,Zurich,511889.0,243333.0,268556.0
2000,Appenzell Rh.-Ext.,26398.0,11786.0,14611.0
2000,Appenzell Rh.-Int.,5953.0,2288.0,3665.0
2000,Argovie,263734.0,155942.0,107792.0
2000,Berne,617194.0,316181.0,301013.0
2000,Bâle-Campagne,135118.0,66726.0,68392.0
2000,Bâle-Ville,143860.0,92271.0,51588.0
2000,Espace Mittelland,1369960.0,901522.0,468438.0
2000,Fribourg,201368.0,139035.0,62333.0
2000,Genève,107608.0,25448.0,82161.0
2000,Glaris,17913.0,8701.0,9212.0
2000,Grisons,249052.0,190243.0,58810.0
2000,Jura,136385.0,118135.0,18250.0
2000,Lucerne,194527.0,117641.0,76887.0
2000,Neuchâtel,233221.0,196106.0,37115.0
2000,Nidwald,63108.0,55057.0,8051.0
2000,Obwald,43327.0,36078.0,7249.0
2000,Région lémanique,825521.0,516634.0,308888.0
2000,Saint-Gall,254831.0,148676.0,106155.0
2000,Schaffhouse,17880.0,6067.0,11813.0
2000,Schwytz,58969.0,26698.0,32271.0
2000,Soleure,181792.0,132065.0,49727.0
2000,Suisse centrale,555038.0,401130.0,153911.0
2000,Suisse du Nord-Ouest,542712.0,314939.0,227772.0
2000,Suisse orientale,661379.0,418597.0,242782.0
2000,Tessin,213894.0,121818.0,92076.0
2000,Thurgovie,89352.0,50836.0,38516.0
2000,Total,4701360.0,2933694.0,1767666.0
2000,Uri,160205.0,153475.0,6731.0
2000,Valais,328106.0,285516.0,42590.0
2000,Vaud,389807.0,205670.0,184137.0
2000,Zoug,34902.0,12181.0,22722.0
2000,Zurich,532857.0,259054.0,273803.0
2001,Appenzell Rh.-Ext.,27433.0,12454.0,14978.0
2001,Appenzell Rh.-Int.,6044.0,2334.0,3710.0
2001,Argovie,267719.0,156608.0,111111.0
2001,Berne,575622.0,265064.0,310558.0
2001,Bâle-Campagne,143366.0,72201.0,71165.0
2001,Bâle-Ville,146702.0,94288.0,52414.0
2001,Espace Mittelland,1333258.0,839763.0,493495.0
2001,Fribourg,187853.0,119628.0,68225.0
2001,Genève,113400.0,27159.0,86241.0
2001,Glaris,22209.0,11373.0,10836.0
2001,Grisons,259252.0,199458.0,59795.0
2001,Jura,169430.0,148200.0,21230.0
2001,Lucerne,189028.0,110701.0,78327.0
2001,Neuchâtel,226933.0,189103.0,37830.0
2001,Nidwald,62421.0,54138.0,8283.0
2001,Obwald,44501.0,36781.0,7720.0
2001,Région lémanique,861561.0,533716.0,327845.0
2001,Saint-Gall,265066.0,155390.0,109676.0
2001,Schaffhouse,20261.0,8213.0,12048.0
2001,Schwytz,65135.0,32291.0,32844.0
2001,Soleure,173420.0,117768.0,55652.0
2001,Suisse centrale,568016.0,411881.0,156135.0
2001,Suisse du Nord-Ouest,557787.0,323097.0,234690.0
2001,Suisse orientale,695459.0,444248.0,251210.0
2001,Tessin,253308.0,157356.0,95952.0
2001,Thurgovie,95194.0,55026.0,40167.0
2001,Total,4848594.0,3013238.0,1835356.0
2001,Uri,158213.0,151129.0,7084.0
2001,Valais,356345.0,314565.0,41780.0
2001,Vaud,391816.0,191992.0,199824.0
2001,Zoug,48718.0,26841.0,21877.0
2001,Zurich,579205.0,303177.0,276029.0
2002,Appenzell Rh.-Ext.,29215.0,14038.0,15177.0
2002,Appenzell Rh.-Int.,8646.0,4828.0,3818.0
2002,Argovie,307187.0,192131.0,115057.0
2002,Berne,562538.0,256415.0,306123.0
2002,Bâle-Campagne,155085.0,82798.0,72286.0
2002,Bâle-Ville,143653.0,87377.0,56276.0
2002,Espace Mittelland,1232086.0,743037.0,489049.0
2002,Fribourg,145006.0,73456.0,71551.0
2002,Genève,115501.0,28179.0,87322.0
2002,Glaris,26762.0,17726.0,9036.0
2002,Grisons,268497.0,209181.0,59316.0
2002,Jura,180961.0,159233.0,21728.0
2002,Lucerne,203058.0,122972.0,80086.0
2002,Neuchâtel,198161.0,161148.0,37012.0
2002,Nidwald,61196.0,52856.0,8340.0
2002,Obwald,58216.0,50413.0,7804.0
2002,Région lémanique,817655.0,483656.0,333999.0
2002,Saint-Gall,268290.0,154880.0,113409.0
2002,Schaffhouse,23668.0,10958.0,12710.0
2002,Schwytz,70191.0,36252.0,33940.0
2002,Soleure,145420.0,92785.0,52635.0
2002,Suisse centrale,617808.0,457383.0,160427.0
2002,Suisse du Nord-Ouest,605925.0,362306.0,243619.0
2002,Suisse orientale,714425.0,459404.0,255019.0
2002,Tessin,266652.0,167926.0,98726.0
2002,Thurgovie,89347.0,47793.0,41553.0
2002,Total,4938500.0,3077034.0,1861466.0
2002,Uri,140770.0,133796.0,6974.0
2002,Valais,320035.0,275488.0,44547.0
2002,Vaud,382119.0,179989.0,202130.0
2002,Zoug,84377.0,61094.0,23283.0
2002,Zurich,683951.0,403323.0,280628.0
2003,Appenzell Rh.-Ext.,26638.0,10977.0,15662.0
2003,Appenzell Rh.-Int.,8642.0,4153.0,4489.0
2003,Argovie,296764.0,178069.0,118696.0
2003,Berne,595165.0,291434.0,303731.0
2003,Bâle-Campagne,166891.0,77431.0,89461.0
2003,Bâle-Ville,147136.0,79497.0,67639.0
2003,Espace Mittelland,1266150.0,764217.0,501932.0
2003,Fribourg,172642.0,98484.0,74158.0
2003,Genève,118465.0,27347.0,91118.0
2003,Glaris,31021.0,21159.0,9862.0
2003,Grisons,288490.0,223973.0,64517.0
2003,Jura,168908.0,147063.0,21844.0
2003,Lucerne,197184.0,115169.0,82015.0
2003,Neuchâtel,194771.0,156280.0,38491.0
2003,Nidwald,80810.0,72652.0,8157.0
2003,Obwald,58668.0,51394.0,7274.0
2003,Région lémanique,832893.0,482541.0,350352.0
2003,Saint-Gall,219705.0,97765.0,121940.0
2003,Schaffhouse,22767.0,10482.0,12285.0
2003,Schwytz,71780.0,33187.0,38593.0
2003,Soleure,134664.0,70956.0,63708.0
2003,Suisse centrale,605494.0,436003.0,169490.0
2003,Suisse du Nord-Ouest,610791.0,334997.0,275796.0
2003,Suisse orientale,676481.0,404129.0,272353.0
2003,Tessin,280408.0,180263.0,100145.0
2003,Thurgovie,79218.0,35620.0,43598.0
2003,Total,5013133.0,3051270.0,1961863.0
2003,Uri,118945.0,109452.0,9493.0
2003,Valais,303338.0,251299.0,52039.0
2003,Vaud,411090.0,203895.0,207195.0
2003,Zoug,78107.0,54149.0,23958.0
2003,Zurich,740914.0,449120.0,291793.0
2004,Appenzell Rh.-Ext.,29495.0,13366.0,16129.0
2004,Appenzell Rh.-Int.,8993.0,4116.0,4877.0
2004,Argovie,293047.0,169199.0,123848.0
2004,Berne,648071.0,312459.0,335612.0
2004,Bâle-Campagne,139261.0,40041.0,99220.0
2004,Bâle-Ville,141041.0,82054.0,58986.0
2004,Espace Mittelland,1332282.0,794923.0,537359.0
2004,Fribourg,195353.0,119460.0,75893.0
2004,Genève,125696.0,33607.0,92089.0
2004,Glaris,25523.0,15279.0,10244.0
2004,Grisons,317470.0,249675.0,67796.0
2004,Jura,176932.0,154332.0,22600.0
2004,Lucerne,189919.0,104042.0,85876.0
2004,Neuchâtel,194181.0,153443.0,40738.0
2004,Nidwald,74212.0,66069.0,8144.0
2004,Obwald,63062.0,55434.0,7628.0
2004,Région lémanique,864000.0,501132.0,362868.0
2004,Saint-Gall,262657.0,137143.0,125515.0
2004,Schaffhouse,19279.0,6487.0,12791.0
2004,Schwytz,72880.0,33420.0,39460.0
2004,Soleure,117745.0,55229.0,62516.0
2004,Suisse centrale,568577.0,394731.0,173845.0
2004,Suisse du Nord-Ouest,573349.0,291294.0,282054.0
2004,Suisse orientale,742018.0,460582.0,281438.0
2004,Tessin,271128.0,167887.0,103241.0
2004,Thurgovie,78601.0,34516.0,44086.0
2004,Total,5171932.0,3144180.0,2027752.0
2004,Uri,124815.0,116886.0,7928.0
2004,Valais,316339.0,261973.0,54366.0
2004,Vaud,421965.0,205552.0,216413.0
2004,Zoug,43689.0,18880.0,24809.0
2004,Zurich,820579.0,533632.0,286947.0
2005,Appenzell Rh.-Ext.,31022.0,14448.0,16574.0
2005,Appenzell Rh.-Int.,9548.0,4509.0,5038.0
2005,Argovie,298279.0,172367.0,125912.0
2005,Berne,720500.0,389162.0,331338.0
2005,Bâle-Campagne,163226.0,83879.0,79346.0
2005,Bâle-Ville,143208.0,84893.0,58314.0
2005,Espace Mittelland,1336039.0,796638.0,539401.0
2005,Fribourg,172184.0,95748.0,76436.0
2005,Genève,137811.0,30941.0,106870.0
2005,Glaris,26649.0,16196.0,10452.0
2005,Grisons,317265.0,249954.0,67311.0
2005,Jura,169595.0,140731.0,28864.0
2005,Lucerne,193252.0,106168.0,87084.0
2005,Neuchâtel,157144.0,115643.0,41501.0
2005,Nidwald,77774.0,69162.0,8612.0
2005,Obwald,52807.0,45223.0,7585.0
2005,Région lémanique,899782.0,525100.0,374682.0
2005,Saint-Gall,258706.0,140111.0,118595.0
2005,Schaffhouse,20445.0,6841.0,13603.0
2005,Schwytz,67395.0,29667.0,37729.0
2005,Soleure,116616.0,55354.0,61262.0
2005,Suisse centrale,570842.0,395535.0,175309.0
2005,Suisse du Nord-Ouest,604713.0,341139.0,263572.0
2005,Suisse orientale,746452.0,469189.0,277260.0
2005,Tessin,258523.0,153201.0,105321.0
2005,Thurgovie,82817.0,37130.0,45687.0
2005,Total,5271602.0,3237638.0,2033964.0
2005,Uri,138432.0,130310.0,8122.0
2005,Valais,336516.0,285357.0,51159.0
2005,Vaud,425455.0,208802.0,216653.0
2005,Zoug,41182.0,15005.0,26177.0
2005,Zurich,855253.0,556836.0,298417.0
2006,Appenzell Rh.-Ext.,32641.0,15893.0,16748.0
2006,Appenzell Rh.-Int.,9745.0,4937.0,4808.0
2006,Argovie,325572.0,200386.0,125186.0
2006,Berne,719017.0,383728.0,335289.0
2006,Bâle-Campagne,171879.0,90977.0,80902.0
2006,Bâle-Ville,127553.0,69517.0,58036.0
2006,Espace Mittelland,1352524.0,812033.0,540490.0
2006,Fribourg,193074.0,115709.0,77365.0
2006,Genève,153815.0,47079.0,106736.0
2006,Glaris,24920.0,14706.0,10213.0
2006,Grisons,318405.0,251356.0,67048.0
2006,Jura,159347.0,134969.0,24377.0
2006,Lucerne,195525.0,108608.0,86917.0
2006,Neuchâtel,138573.0,97072.0,41501.0
2006,Nidwald,69234.0,60437.0,8797.0
2006,Obwald,55222.0,47060.0,8162.0
2006,Région lémanique,827204.0,444934.0,382270.0
2006,Saint-Gall,231001.0,106746.0,124254.0
2006,Schaffhouse,24226.0,10873.0,13353.0
2006,Schwytz,67702.0,27676.0,40026.0
2006,Soleure,142513.0,80555.0,61958.0
2006,Suisse centrale,619681.0,440914.0,178766.0
2006,Suisse du Nord-Ouest,625004.0,360880.0,264124.0
2006,Suisse orientale,721325.0,438338.0,282984.0
2006,Tessin,261942.0,154706.0,107236.0
2006,Thurgovie,80387.0,33827.0,46560.0
2006,Total,5240518.0,3173829.0,2066689.0
2006,Uri,190971.0,182753.0,8217.0
2006,Valais,300285.0,245317.0,54968.0
2006,Vaud,373104.0,152538.0,220566.0
2006,Zoug,41027.0,14380.0,26647.0
2006,Zurich,832840.0,522022.0,310818.0
2007,Appenzell Rh.-Ext.,34655.0,17601.0,17054.0
2007,Appenzell Rh.-Int.,9005.0,4026.0,4978.0
2007,Argovie,306079.0,179088.0,126991.0
2007,Berne,797162.0,460904.0,336258.0
2007,Bâle-Campagne,214228.0,114039.0,100188.0
2007,Bâle-Ville,112446.0,54175.0,58272.0
2007,Espace Mittelland,1425683.0,881263.0,544420.0
2007,Fribourg,207244.0,127372.0,79872.0
2007,Genève,154663.0,48500.0,106163.0
2007,Glaris,28064.0,17469.0,10595.0
2007,Grisons,279127.0,211523.0,67603.0
2007,Jura,169938.0,144829.0,25109.0
2007,Lucerne,216534.0,128315.0,88219.0
2007,Neuchâtel,118002.0,76211.0,41791.0
2007,Nidwald,70827.0,61817.0,9010.0
2007,Obwald,66712.0,58430.0,8283.0
2007,Région lémanique,892614.0,503915.0,388698.0
2007,Saint-Gall,237310.0,110231.0,127079.0
2007,Schaffhouse,29359.0,15422.0,13937.0
2007,Schwytz,72094.0,31285.0,40810.0
2007,Soleure,133337.0,71947.0,61390.0
2007,Suisse centrale,653525.0,471339.0,182190.0
2007,Suisse du Nord-Ouest,632753.0,347302.0,285451.0
2007,Suisse orientale,704672.0,417156.0,287514.0
2007,Tessin,272704.0,161359.0,111345.0
2007,Thurgovie,87152.0,40884.0,46268.0
2007,Total,5348547.0,3236587.0,2111960.0
2007,Uri,183296.0,174896.0,8401.0
2007,Valais,356279.0,299888.0,56391.0
2007,Vaud,381672.0,155527.0,226144.0
2007,Zoug,44062.0,16596.0,27467.0
2007,Zurich,766596.0,454253.0,312343.0
2008,Appenzell Rh.-Ext.,39509.0,21985.0,17524.0
2008,Appenzell Rh.-Int.,10628.0,5505.0,5123.0
2008,Argovie,274673.0,143826.0,130847.0
2008,Berne,772074.0,430944.0,341130.0
2008,Bâle-Campagne,213331.0,111065.0,102266.0
2008,Bâle-Ville,109364.0,49170.0,60194.0
2008,Espace Mittelland,1429021.0,880259.0,548761.0
2008,Fribourg,203025.0,126554.0,76471.0
2008,Genève,148162.0,48860.0,99302.0
2008,Glaris,24347.0,13438.0,10910.0
2008,Grisons,343579.0,273232.0,70347.0
2008,Jura,186915.0,161432.0,25483.0
2008,Lucerne,176222.0,87426.0,88796.0
2008,Neuchâtel,112073.0,70593.0,41480.0
2008,Nidwald,69240.0,60044.0,9196.0
2008,Obwald,56092.0,47638.0,8455.0
2008,Région lémanique,886382.0,503095.0,383288.0
2008,Saint-Gall,221719.0,91462.0,130257.0
2008,Schaffhouse,28387.0,14265.0,14122.0
2008,Schwytz,92278.0,53925.0,38353.0
2008,Soleure,154934.0,90736.0,64197.0
2008,Suisse centrale,598475.0,416795.0,181681.0
2008,Suisse du Nord-Ouest,597368.0,304061.0,293307.0
2008,Suisse orientale,754433.0,459831.0,294604.0
2008,Tessin,243121.0,129569.0,113552.0
2008,Thurgovie,86264.0,39944.0,46321.0
2008,Total,5164470.0,3033776.0,2130693.0
2008,Uri,132895.0,124402.0,8493.0
2008,Valais,399939.0,342950.0,56989.0
2008,Vaud,338281.0,111285.0,226997.0
2008,Zoug,71748.0,43360.0,28388.0
2008,Zurich,655669.0,340166.0,315502.0
2009,Appenzell Rh.-Ext.,40957.0,22882.0,18075.0
2009,Appenzell Rh.-Int.,11373.0,6036.0,5337.0
2009,Argovie,239432.0,116969.0,122462.0
2009,Berne,703298.0,357290.0,346008.0
2009,Bâle-Campagne,155533.0,51723.0,103809.0
2009,Bâle-Ville,86108.0,26489.0,59619.0
2009,Espace Mittelland,1295506.0,735322.0,560184.0
2009,Fribourg,166229.0,85086.0,81143.0
2009,Genève,139382.0,34202.0,105181.0
2009,Glaris,21207.0,10576.0,10631.0
2009,Grisons,306334.0,237302.0,69033.0
2009,Jura,185271.0,159105.0,26166.0
2009,Lucerne,148043.0,57598.0,90445.0
2009,Neuchâtel,103619.0,60929.0,42690.0
2009,Nidwald,41262.0,31914.0,9348.0
2009,Obwald,54120.0,45338.0,8782.0
2009,Région lémanique,817314.0,426240.0,391075.0
2009,Saint-Gall,199392.0,63262.0,136130.0
2009,Schaffhouse,24708.0,10787.0,13921.0
2009,Schwytz,77653.0,32698.0,44955.0
2009,Soleure,137089.0,72912.0,64177.0
2009,Suisse centrale,448716.0,258130.0,190586.0
2009,Suisse du Nord-Ouest,481073.0,195181.0,285890.0
2009,Suisse orientale,692009.0,391158.0,300852.0
2009,Tessin,215752.0,99510.0,116242.0
2009,Thurgovie,88038.0,40313.0,47725.0
2009,Total,4543975.0,2381535.0,2162441.0
2009,Uri,61614.0,53235.0,8379.0
2009,Valais,360205.0,303883.0,56322.0
2009,Vaud,317727.0,88155.0,229572.0
2009,Zoug,66024.0,37347.0,28677.0
2009,Zurich,593606.0,275995.0,317611.0
2010,Appenzell Rh.-Ext.,38949.0,20536.0,18412.0
2010,Appenzell Rh.-Int.,10901.0,5296.0,5605.0
2010,Argovie,243591.0,106572.0,137019.0
2010,Berne,687044.0,336073.0,350971.0
2010,Bâle-Campagne,157043.0,52041.0,105002.0
2010,Bâle-Ville,80661.0,23824.0,56837.0
2010,Espace Mittelland,1244009.0,676618.0,567391.0
2010,Fribourg,152895.0,71684.0,81211.0
2010,Genève,140146.0,31155.0,108992.0
2010,Glaris,21599.0,10132.0,11467.0
2010,Grisons,291841.0,221564.0,70277.0
2010,Jura,183311.0,156657.0,26654.0
2010,Lucerne,138133.0,46604.0,91530.0
2010,Neuchâtel,99641.0,57157.0,42483.0
2010,Nidwald,30448.0,21058.0,9390.0
2010,Obwald,54006.0,44964.0,9042.0
2010,Région lémanique,854719.0,454217.0,400503.0
2010,Saint-Gall,193251.0,57194.0,136057.0
2010,Schaffhouse,24448.0,10337.0,14110.0
2010,Schwytz,69067.0,23958.0,45109.0
2010,Soleure,121118.0,55047.0,66072.0
2010,Suisse centrale,395042.0,203525.0,191517.0
2010,Suisse du Nord-Ouest,481295.0,182437.0,298858.0
2010,Suisse orientale,664593.0,360026.0,304565.0
2010,Tessin,215139.0,93496.0,121643.0
2010,Thurgovie,83604.0,34967.0,48637.0
2010,Total,4367799.0,2160013.0,2207785.0
2010,Uri,48142.0,39276.0,8866.0
2010,Valais,394040.0,335517.0,58523.0
2010,Vaud,320533.0,87545.0,232988.0
2010,Zoug,55246.0,27665.0,27580.0
2010,Zurich,513002.0,189696.0,323307.0
2011,Appenzell Rh.-Ext.,39210.0,20979.0,18231.0
2011,Appenzell Rh.-Int.,11399.0,5577.0,5822.0
2011,Argovie,241184.0,108124.0,133060.0
2011,Berne,723854.0,363442.0,360412.0
2011,Bâle-Campagne,153794.0,46193.0,107601.0
2011,Bâle-Ville,78922.0,21073.0,57849.0
2011,Espace Mittelland,1278771.0,699579.0,579192.0
2011,Fribourg,160730.0,76490.0,84239.0
2011,Genève,148301.0,31840.0,116461.0
2011,Glaris,23084.0,11165.0,11920.0
2011,Grisons,282075.0,206871.0,75204.0
2011,Jura,182407.0,155147.0,27261.0
2011,Lucerne,131776.0,38312.0,93465.0
2011,Neuchâtel,100267.0,58606.0,41661.0
2011,Nidwald,25255.0,15764.0,9491.0
2011,Obwald,60413.0,51088.0,9326.0
2011,Région lémanique,822891.0,407867.0,415024.0
2011,Saint-Gall,199347.0,60328.0,139018.0
2011,Schaffhouse,34180.0,19345.0,14834.0
2011,Schwytz,71436.0,24446.0,46991.0
2011,Soleure,111513.0,45894.0,65619.0
2011,Suisse centrale,381300.0,185422.0,195880.0
2011,Suisse du Nord-Ouest,473900.0,175390.0,298510.0
2011,Suisse orientale,678981.0,366151.0,312829.0
2011,Tessin,204537.0,80770.0,123768.0
2011,Thurgovie,89686.0,41886.0,47800.0
2011,Total,4314227.0,2063188.0,2251039.0
2011,Uri,39948.0,31103.0,8844.0
2011,Valais,352437.0,292411.0,60025.0
2011,Vaud,322153.0,83616.0,238538.0
2011,Zoug,52472.0,24709.0,27763.0
2011,Zurich,473847.0,148010.0,325837.0
2012,Appenzell Rh.-Ext.,40311.0,21186.0,19125.0
2012,Appenzell Rh.-Int.,11506.0,5523.0,5983.0
2012,Argovie,256008.0,119229.0,136779.0
2012,Berne,777418.0,408279.0,369139.0
2012,Bâle-Campagne,175080.0,65214.0,109866.0
2012,Bâle-Ville,79594.0,19871.0,59723.0
2012,Espace Mittelland,1330045.0,735947.0,594097.0
2012,Fribourg,151033.0,64740.0,86293.0
2012,Genève,159110.0,37783.0,121327.0
2012,Glaris,23400.0,10927.0,12473.0
2012,Grisons,278671.0,204194.0,74477.0
2012,Jura,163959.0,136304.0,27655.0
2012,Lucerne,133610.0,38507.0,95104.0
2012,Neuchâtel,109621.0,65284.0,44336.0
2012,Nidwald,23063.0,13452.0,9611.0
2012,Obwald,46487.0,36839.0,9648.0
2012,Région lémanique,873172.0,444204.0,428967.0
2012,Saint-Gall,205281.0,59967.0,145314.0
2012,Schaffhouse,32528.0,17645.0,14884.0
2012,Schwytz,79996.0,31571.0,48426.0
2012,Soleure,128014.0,61340.0,66674.0
2012,Suisse centrale,375474.0,172119.0,203357.0
2012,Suisse du Nord-Ouest,510682.0,204314.0,306368.0
2012,Suisse orientale,694588.0,371594.0,322995.0
2012,Tessin,203739.0,75298.0,128441.0
2012,Thurgovie,102891.0,52152.0,50739.0
2012,Total,4433150.0,2122938.0,2310211.0
2012,Uri,41986.0,32697.0,9289.0
2012,Valais,398377.0,334511.0,63865.0
2012,Vaud,315685.0,71910.0,243775.0
2012,Zoug,50332.0,19053.0,31279.0
2012,Zurich,445448.0,119461.0,325988.0
2013,Appenzell Rh.-Ext.,40295.0,20148.0,20147.0
2013,Appenzell Rh.-Int.,11755.0,5642.0,6114.0
2013,Argovie,243141.0,104787.0,138354.0
2013,Berne,660881.0,404694.0,256187.0
2013,Bâle-Campagne,150792.0,39432.0,111360.0
2013,Bâle-Ville,79228.0,18833.0,60396.0
2013,Espace Mittelland,1167787.0,682780.0,485007.0
2013,Fribourg,136085.0,48021.0,88064.0
2013,Genève,166630.0,32799.0,133831.0
2013,Glaris,24920.0,12428.0,12492.0
2013,Grisons,277553.0,200885.0,76668.0
2013,Jura,156441.0,128137.0,28305.0
2013,Lucerne,138992.0,41250.0,97742.0
2013,Neuchâtel,104964.0,60771.0,44192.0
2013,Nidwald,17717.0,7899.0,9818.0
2013,Obwald,27733.0,17823.0,9910.0
2013,Région lémanique,878173.0,432901.0,445272.0
2013,Saint-Gall,218121.0,58498.0,159623.0
2013,Schaffhouse,28098.0,13008.0,15090.0
2013,Schwytz,84511.0,34323.0,50188.0
2013,Soleure,109416.0,41157.0,68259.0
2013,Suisse centrale,356677.0,149025.0,207652.0
2013,Suisse du Nord-Ouest,473161.0,163052.0,310110.0
2013,Suisse orientale,695550.0,353490.0,342061.0
2013,Tessin,195527.0,64430.0,131097.0
2013,Thurgovie,94808.0,42881.0,51927.0
2013,Total,4207686.0,1955195.0,2252490.0
2013,Uri,43107.0,33914.0,9193.0
2013,Valais,392226.0,326157.0,66069.0
2013,Vaud,319317.0,73945.0,245372.0
2013,Zoug,44617.0,13816.0,30801.0
2013,Zurich,440811.0,109519.0,331292.0
2014,Appenzell Rh.-Ext.,40091.0,19606.0,20485.0
2014,Appenzell Rh.-Int.,12054.0,5673.0,6381.0
2014,Argovie,211807.0,64158.0,147650.0
2014,Berne,607173.0,345406.0,261768.0
2014,Bâle-Campagne,153975.0,40393.0,113582.0
2014,Bâle-Ville,79223.0,17644.0,61579.0
2014,Espace Mittelland,1100805.0,593656.0,507148.0
2014,Fribourg,152480.0,53813.0,98667.0
2014,Genève,173514.0,37084.0,136430.0
2014,Glaris,23330.0,10705.0,12625.0
2014,Grisons,293213.0,214572.0,78641.0
2014,Jura,148313.0,119406.0,28907.0
2014,Lucerne,145849.0,45332.0,100517.0
2014,Neuchâtel,93323.0,45166.0,48157.0
2014,Nidwald,19223.0,9129.0,10095.0
2014,Obwald,19497.0,9310.0,10187.0
2014,Région lémanique,899466.0,449458.0,450009.0
2014,Saint-Gall,217894.0,54066.0,163829.0
2014,Schaffhouse,29444.0,13956.0,15488.0
2014,Schwytz,87952.0,35814.0,52138.0
2014,Soleure,99516.0,29865.0,69650.0
2014,Suisse centrale,359037.0,144503.0,214534.0
2014,Suisse du Nord-Ouest,445005.0,122195.0,322810.0
2014,Suisse orientale,708797.0,357192.0,351605.0
2014,Tessin,209177.0,67767.0,141411.0
2014,Thurgovie,92771.0,38614.0,54157.0
2014,Total,4156812.0,1835495.0,2321316.0
2014,Uri,41744.0,32004.0,9740.0
2014,Valais,407868.0,340296.0,67572.0
2014,Vaud,318085.0,72078.0,246007.0
2014,Zoug,44772.0,12914.0,31858.0
2014,Zurich,434524.0,100724.0,333800.0
2015,Appenzell Rh.-Ext.,43302.0,21986.0,21316.0
2015,Appenzell Rh.-Int.,12208.0,5393.0,6815.0
2015,Argovie,227371.0,75215.0,152156.0
2015,Berne,611322.0,342943.0,268379.0
2015,Bâle-Campagne,150908.0,36073.0,114834.0
2015,Bâle-Ville,79313.0,15799.0,63514.0
2015,Espace Mittelland,1058663.0,536862.0,521802.0
2015,Fribourg,136189.0,34038.0,102151.0
2015,Genève,165749.0,28821.0,136928.0
2015,Glaris,22769.0,10641.0,12128.0
2015,Grisons,274317.0,194151.0,80166.0
2015,Jura,120594.0,90469.0,30125.0
2015,Lucerne,145753.0,42153.0,103600.0
2015,Neuchâtel,88271.0,40505.0,47766.0
2015,Nidwald,19175.0,9287.0,9888.0
2015,Obwald,17372.0,7533.0,9839.0
2015,Région lémanique,924202.0,460053.0,464149.0
2015,Saint-Gall,226887.0,57496.0,169391.0
2015,Schaffhouse,27415.0,11663.0,15752.0
2015,Schwytz,95835.0,40201.0,55633.0
2015,Soleure,102288.0,28907.0,73381.0
2015,Suisse centrale,366565.0,144725.0,221840.0
2015,Suisse du Nord-Ouest,457591.0,127087.0,330504.0
2015,Suisse orientale,700266.0,338545.0,361722.0
2015,Tessin,215211.0,67638.0,147572.0
2015,Thurgovie,93368.0,37214.0,56155.0
2015,Total,4170727.0,1779439.0,2391287.0
2015,Uri,43980.0,33914.0,10066.0
2015,Valais,434544.0,359844.0,74700.0
2015,Vaud,323909.0,71388.0,252521.0
2015,Zoug,44450.0,11637.0,32813.0
2015,Zurich,448228.0,104529.0,343699.0
